"_id","id","timestamp","__v"
"65a15a1c1e343c4e21eaef6d",,-1,0
"65a15a1c1e343c4e21eaef6f",,-1,0
"65a15a1d1e343c4e21eaef71",,-1,0
"65a15a1d1e343c4e21eaef73",,-1,0
"65a15a1d1e343c4e21eaef75",,-1,0
"65a15a1e1e343c4e21eaef77",,-1,0
"65a15a1f1e343c4e21eaef79",,-1,0
"65a15a261e343c4e21eaef7d",,1881,0
"65a15a261e343c4e21eaef7f",,2161,0
"65a15a261e343c4e21eaef81",,2345.0000000000036,0
"65a15a261e343c4e21eaef83",,2522,0
"65a15a271e343c4e21eaef85",,2757,0
"65a15a271e343c4e21eaef87",,2980,0
"65a15a271e343c4e21eaef89",,3228,0
"65a15b0a1e343c4e21eaef91",,-1,0
"65a15b0a1e343c4e21eaef93",,-1,0
"65a15b0a1e343c4e21eaef95",,-1,0
"65a15b0b1e343c4e21eaef97",,-1,0
"65a15b0b1e343c4e21eaef99",,-1,0
"65a15b0b1e343c4e21eaef9b",,-1,0
"65a15b101e343c4e21eaef9f",,1421,0
"65a15b111e343c4e21eaefa1",,1915.0000000000036,0
"65a15b111e343c4e21eaefa3",,2305,0
"65a15b111e343c4e21eaefa5",,2688,0
"65a15b121e343c4e21eaefa7",,3125,0
"65a15b121e343c4e21eaefa9",,3557,0
"65a15b131e343c4e21eaefab",,3864,0
"65a15b131e343c4e21eaefad",,4020,0
"65a15b131e343c4e21eaefaf",,4190,0
"65a15b131e343c4e21eaefb1",,4370,0
"65a15b131e343c4e21eaefb3",,4542,0
"65a15b131e343c4e21eaefb5",,4704,0
"65a15b141e343c4e21eaefb7",,4883.000000000004,0
"65a15b141e343c4e21eaefb9",,5073,0
"65a15b141e343c4e21eaefbb",,5261.000000000004,0
"65a15b141e343c4e21eaefbd",,5431,0
"65a15b141e343c4e21eaefbf",,5616,0
"65a15b141e343c4e21eaefc1",,5786,0
"65a15b151e343c4e21eaefc3",,5977,0
"65a15b151e343c4e21eaefc5",,6163,0
"65a15b151e343c4e21eaefc7",,6353,0
"65a15b151e343c4e21eaefc9",,6521,0
"65a15b151e343c4e21eaefcb",,6688,0
"65a15b161e343c4e21eaefcd",,6891,0
"65a15b161e343c4e21eaefcf",,7072.000000000004,0
"65a15b161e343c4e21eaefd1",,7260,0
"65a15b161e343c4e21eaefd3",,7456,0
"65a15b161e343c4e21eaefd5",,7632,0
"65a15b171e343c4e21eaefd7",,7822.000000000004,0
"65a15b171e343c4e21eaefd9",,8022,0
"65a15b171e343c4e21eaefdb",,8210,0
"65a15b171e343c4e21eaefdd",,8431,0
"65a15b171e343c4e21eaefdf",,8759,0
"65a15b181e343c4e21eaefe1",,8931,0
"65a15b181e343c4e21eaefe3",,9155,0
"65a15b181e343c4e21eaefe5",,9342,0
"65a15b181e343c4e21eaefe7",,9538.000000000004,0
"65a15b181e343c4e21eaefe9",,9755.000000000004,0
"65a15b191e343c4e21eaefeb",,9940.000000000004,0
"65a15b191e343c4e21eaefed",,10114.000000000004,0
"65a15b191e343c4e21eaefef",,10325,0
"65a15b191e343c4e21eaeff1",,10477,0
"65a15b191e343c4e21eaeff3",,10599,0
"65a15b191e343c4e21eaeff5",,10810,0
"65a15b1a1e343c4e21eaeff7",,11026,0
"65a15b1a1e343c4e21eaeff9",,11180,0
"65a15b1a1e343c4e21eaeffb",,11373.000000000007,0
"65a15b1a1e343c4e21eaeffd",,11554,0
"65a15b1a1e343c4e21eaefff",,11753,0
"65a15b1b1e343c4e21eaf001",,11936,0
"65a15b1b1e343c4e21eaf003",,12172,0
"65a15b1b1e343c4e21eaf005",,12345,0
"65a15b1b1e343c4e21eaf007",,12555,0
"65a15b1b1e343c4e21eaf009",,12759,0
"65a15b1c1e343c4e21eaf00b",,12932,0
"65a15b1c1e343c4e21eaf00d",,13124,0
"65a15b1c1e343c4e21eaf00f",,13324,0
"65a15b1c1e343c4e21eaf011",,13529,0
"65a15b1c1e343c4e21eaf013",,13727,0
"65a15b1d1e343c4e21eaf015",,13964,0
"65a15b1d1e343c4e21eaf017",,14154,0
"65a15b1d1e343c4e21eaf019",,14364.000000000007,0
"65a15b1d1e343c4e21eaf01b",,14556.000000000007,0
"65a15b1d1e343c4e21eaf01d",,14771,0
"65a15b1e1e343c4e21eaf01f",,14976,0
"65a15b1e1e343c4e21eaf021",,15176,0
"65a15b1e1e343c4e21eaf023",,15353,0
"65a15b1e1e343c4e21eaf025",,15557,0
"65a15b1e1e343c4e21eaf027",,15722,0
"65a15b1f1e343c4e21eaf029",,15897,0
"65a15b1f1e343c4e21eaf02b",,16071,0
"65a15b1f1e343c4e21eaf02d",,16247,0
"65a15b1f1e343c4e21eaf02f",,16453,0
"65a15b1f1e343c4e21eaf031",,16626.000000000007,0
"65a15b201e343c4e21eaf033",,16821,0
"65a15b201e343c4e21eaf035",,17003,0
"65a15b201e343c4e21eaf037",,17210,0
"65a15b201e343c4e21eaf039",,17381,0
"65a15b201e343c4e21eaf03b",,17576,0
"65a15b201e343c4e21eaf03d",,17779,0
"65a15b211e343c4e21eaf03f",,17958,0
"65a15b211e343c4e21eaf041",,18163,0
"65a15b211e343c4e21eaf043",,18345,0
"65a15b211e343c4e21eaf045",,18548,0
"65a15b211e343c4e21eaf047",,18738,0
"65a15b221e343c4e21eaf049",,18926,0
"65a15b221e343c4e21eaf04b",,19097,0
"65a15b221e343c4e21eaf04d",,19281,0
"65a15b221e343c4e21eaf04f",,19471,0
"65a15b231e343c4e21eaf051",,20793,0
"65a15b241e343c4e21eaf053",,20959,0
"65a15b241e343c4e21eaf055",,21159,0
"65a15b241e343c4e21eaf057",,21356,0
"65a15b241e343c4e21eaf059",,21565.000000000007,0
"65a15b251e343c4e21eaf05b",,21829,0
"65a15b251e343c4e21eaf05d",,22020,0
"65a15b251e343c4e21eaf05f",,22230,0
"65a15b251e343c4e21eaf061",,22423,0
"65a15b251e343c4e21eaf063",,22598,0
"65a15b251e343c4e21eaf065",,22804,0
"65a15b261e343c4e21eaf067",,22993,0
"65a15b261e343c4e21eaf069",,23181.000000000007,0
"65a15b261e343c4e21eaf06b",,23388,0
"65a15b261e343c4e21eaf06d",,23531,0
"65a15b271e343c4e21eaf06f",,23980,0
"65a15b271e343c4e21eaf071",,24165,0
"65a15b271e343c4e21eaf073",,24346,0
"65a15b271e343c4e21eaf075",,24547,0
"65a15b271e343c4e21eaf077",,24736,0
"65a15b281e343c4e21eaf079",,25027,0
"65a15b281e343c4e21eaf07b",,25196.000000000007,0
"65a15b281e343c4e21eaf07d",,25605,0
"65a15b291e343c4e21eaf07f",,25828,0
"65a15b291e343c4e21eaf081",,26015,0
"65a15b291e343c4e21eaf083",,26223,0
"65a15b291e343c4e21eaf085",,26441,0
"65a15b291e343c4e21eaf087",,26657,0
"65a15b2a1e343c4e21eaf089",,26860,0
"65a15b2a1e343c4e21eaf08b",,27066,0
"65a15b2a1e343c4e21eaf08d",,27313,0
"65a15b2a1e343c4e21eaf08f",,27553.000000000007,0
"65a15b2a1e343c4e21eaf091",,27756,0
"65a15b2b1e343c4e21eaf093",,27956,0
"65a15b2b1e343c4e21eaf095",,28147,0
"65a15b2b1e343c4e21eaf097",,28330,0
"65a15b2b1e343c4e21eaf099",,28538,0
"65a15b2b1e343c4e21eaf09b",,28737,0
"65a15b2c1e343c4e21eaf09d",,28930,0
"65a15b2c1e343c4e21eaf09f",,29138.000000000007,0
"65a15b2c1e343c4e21eaf0a1",,29338,0
"65a15b2c1e343c4e21eaf0a3",,29521,0
"65a15b2c1e343c4e21eaf0a5",,29674,0
"65a162351e343c4e21eaf0a9",,-1,0
"65a162351e343c4e21eaf0ab",,-1,0
"65a162361e343c4e21eaf0ad",,-1,0
"65a162361e343c4e21eaf0af",,-1,0
"65a162361e343c4e21eaf0b1",,-1,0
"65a162361e343c4e21eaf0b3",,-1,0
"65a162371e343c4e21eaf0b5",,-1,0
"65a1631e1e343c4e21eaf0b9",,-1,0
"65a1631e1e343c4e21eaf0bb",,-1,0
"65a1631e1e343c4e21eaf0bd",,-1,0
"65a1631e1e343c4e21eaf0bf",,-1,0
"65a1631f1e343c4e21eaf0c1",,-1,0
"65a163201e343c4e21eaf0c3",,-1,0
"65a1636a1e343c4e21eaf0c7",,27114,0
"65a163921e343c4e21eaf0c9",,-1,0
"65a163931e343c4e21eaf0cb",,-1,0
"65a163941e343c4e21eaf0cd",,-1,0
"65a163951e343c4e21eaf0cf",,-1,0
"65a163951e343c4e21eaf0d1",,-1,0
"65a163961e343c4e21eaf0d3",,-1,0
"65a163961e343c4e21eaf0d5",,-1,0
"65a163961e343c4e21eaf0d7",,-1,0
"65a163961e343c4e21eaf0d9",,-1,0
"65a163961e343c4e21eaf0db",,-1,0
"65a163971e343c4e21eaf0dd",,-1,0
"65a163971e343c4e21eaf0df",,-1,0
"65a163971e343c4e21eaf0e1",,-1,0
"65a163971e343c4e21eaf0e3",,-1,0
"65a163971e343c4e21eaf0e5",,-1,0
"65a163981e343c4e21eaf0e7",,-1,0
"65a163981e343c4e21eaf0e9",,-1,0
"65a1639b1e343c4e21eaf0eb",,-1,0
"65a1639c1e343c4e21eaf0ed",,-1,0
"65a1639d1e343c4e21eaf0ef",,-1,0
"65a1639f1e343c4e21eaf0f1",,-1,0
"65a163a01e343c4e21eaf0f3",,-1,0
"65a163a11e343c4e21eaf0f5",,-1,0
"65a163a21e343c4e21eaf0f7",,-1,0
"65a163a41e343c4e21eaf0f9",,-1,0
"65a163ac1e343c4e21eaf0fd",,-1,0
"65a163ad1e343c4e21eaf0ff",,-1,0
"65a163ad1e343c4e21eaf101",,-1,0
"65a163ae1e343c4e21eaf103",,-1,0
"65a163ae1e343c4e21eaf105",,-1,0
"65a163bf1e343c4e21eaf107",,12028.000000000007,0
"65a163c91e343c4e21eaf109",,21840,0
"65a163ca1e343c4e21eaf10b",,22364,0
"65a163ca1e343c4e21eaf10d",,22891,0
"65a163cb1e343c4e21eaf10f",,23472,0
"65a163ce1e343c4e21eaf113",,26911,0
"65a163cf1e343c4e21eaf115",,28024,0
"65a163d01e343c4e21eaf117",,29075,0
"65a163ff1e343c4e21eaf11b",,75858,0
"65a164011e343c4e21eaf11d",,77243.00000000001,0
"65a19a7b1e343c4e21eaf121","t6yler",-1,0
"65a19a7c1e343c4e21eaf123","t6yler",-1,0
"65a19a7c1e343c4e21eaf125","t6yler",-1,0
"65a19a7c1e343c4e21eaf127","t6yler",-1,0
"65a19a7c1e343c4e21eaf129","t6yler",-1,0
"65a19a7c1e343c4e21eaf12b","t6yler",-1,0
"65a19a7c1e343c4e21eaf12d","t6yler",-1,0
"65a19a7d1e343c4e21eaf12f","t6yler",-1,0
"65a19a841e343c4e21eaf133","t6yler",18574,0
"65a19a851e343c4e21eaf135","t6yler",18765,0
"65a19a851e343c4e21eaf137","t6yler",18955.000000000004,0
"65a19a861e343c4e21eaf139","t6yler",19768,0
"65a19a861e343c4e21eaf13b","t6yler",19967,0
"65a19a861e343c4e21eaf13d","t6yler",20135,0
"65a19a861e343c4e21eaf13f","t6yler",20332,0
"65a19a861e343c4e21eaf141","t6yler",20550,0
"65a19a871e343c4e21eaf143","t6yler",20739,0
"65a19a871e343c4e21eaf145","t6yler",20916,0
"65a19a871e343c4e21eaf147","t6yler",21100,0
"65a19a871e343c4e21eaf149","t6yler",21239,0
"65a2e94872dfad6eeac3328d",,-1,0
"65a2e94872dfad6eeac3328f",,-1,0
"65a2e94972dfad6eeac33291",,-1,0
"65a2e94972dfad6eeac33293",,-1,0
"65a2e94a72dfad6eeac33295",,-1,0
"65a2e97772dfad6eeac33297",,-1,0
"65a2e97772dfad6eeac33299",,-1,0
"65a2e97772dfad6eeac3329b",,-1,0
"65a2e97772dfad6eeac3329d",,-1,0
"65a2e97772dfad6eeac3329f",,-1,0
"65a2ea4a72dfad6eeac332a1",,-1,0
"65a2ea4a72dfad6eeac332a3",,-1,0
"65a2ea4a72dfad6eeac332a5",,-1,0
"65a2ea4a72dfad6eeac332a7",,-1,0
"65a2ea4a72dfad6eeac332a9",,-1,0
"65a2ea4e72dfad6eeac332ad",,59046,0
"65a2ea4e72dfad6eeac332af",,59295,0
"65a2ea4e72dfad6eeac332b1",,59489.00000000001,0
"65a2ea4e72dfad6eeac332b3",,59674,0
"65a2ea4e72dfad6eeac332b5",,59879,0
"65a2ea4f72dfad6eeac332b7",,60051,0
"65a2ea4f72dfad6eeac332b9",,60256,0
"65a3f5ee72dfad6eeac332bb",,-1,0
"65a3f5ee72dfad6eeac332bd",,-1,0
"65a3f5ee72dfad6eeac332bf",,-1,0
"65a3f5ef72dfad6eeac332c1",,-1,0
"65a3f5ef72dfad6eeac332c3",,-1,0
"65a3f5ef72dfad6eeac332c5",,-1,0
"65a3f61c72dfad6eeac332cb",,-1,0
"65a3f61b72dfad6eeac332c9",,-1,0
"65a3f61c72dfad6eeac332cd",,-1,0
"65a3f61c72dfad6eeac332cf",,-1,0
"65a3f61c72dfad6eeac332d1",,-1,0
"65a3f66172dfad6eeac332d5",,-1,0
"65a3f66172dfad6eeac332d7",,-1,0
"65a3f66172dfad6eeac332d9",,-1,0
"65a3f66272dfad6eeac332db",,-1,0
"65a3f66272dfad6eeac332dd",,-1,0
"65a3f66372dfad6eeac332df",,-1,0
"65a3f70a72dfad6eeac332e3",,-1,0
"65a3f70a72dfad6eeac332e5",,-1,0
"65a3f70b72dfad6eeac332e7",,-1,0
"65a3f70b72dfad6eeac332e9",,-1,0
"65a3f70b72dfad6eeac332eb",,-1,0
"65a3f75172dfad6eeac332ef",,-1,0
"65a3f75172dfad6eeac332f1",,-1,0
"65a3f75272dfad6eeac332f3",,-1,0
"65a3f75272dfad6eeac332f5",,-1,0
"65a3f75272dfad6eeac332f7",,-1,0
"65a3f75272dfad6eeac332f9",,-1,0
"65a3f75272dfad6eeac332fb",,-1,0
"65a3f78f72dfad6eeac332ff",,-1,0
"65a3f78f72dfad6eeac33301",,-1,0
"65a3f78f72dfad6eeac33303",,-1,0
"65a3f78f72dfad6eeac33305",,-1,0
"65a3f78f72dfad6eeac33307",,-1,0
"65a3f79072dfad6eeac33309",,-1,0
"65a3f7c672dfad6eeac3330d",,-1,0
"65a3f7c672dfad6eeac3330f",,-1,0
"65a3f7c672dfad6eeac33311",,-1,0
"65a3f7c672dfad6eeac33313",,-1,0
"65a3f7c672dfad6eeac33315",,-1,0
"65a3f7c672dfad6eeac33317",,-1,0
"65a3f7ff72dfad6eeac3331b",,-1,0
"65a3f7ff72dfad6eeac3331d",,-1,0
"65a3f7ff72dfad6eeac3331f",,-1,0
"65a3f7ff72dfad6eeac33321",,-1,0
"65a3f7ff72dfad6eeac33323",,-1,0
"65a3f7ff72dfad6eeac33325",,-1,0
"65a3f92a72dfad6eeac33329",,-1,0
"65a3f92a72dfad6eeac3332b",,-1,0
"65a3f92a72dfad6eeac3332d",,-1,0
"65a3f92b72dfad6eeac3332f",,-1,0
"65a3f92b72dfad6eeac33331",,-1,0
"65a3f98c72dfad6eeac33335",,-1,0
"65a3f98c72dfad6eeac33337",,-1,0
"65a3f98d72dfad6eeac33339",,-1,0
"65a3f98d72dfad6eeac3333b",,-1,0
"65a3f98d72dfad6eeac3333d",,-1,0
"65a3f98e72dfad6eeac3333f",,-1,0
"65a3f9c372dfad6eeac33343",,-1,0
"65a3f9c372dfad6eeac33345",,-1,0
"65a3f9c372dfad6eeac33347",,-1,0
"65a3f9c472dfad6eeac33349",,-1,0
"65a3f9c472dfad6eeac3334b",,-1,0
"65a3f9f172dfad6eeac3334f",,-1,0
"65a3f9f172dfad6eeac33351",,-1,0
"65a3f9f172dfad6eeac33353",,-1,0
"65a3f9f172dfad6eeac33355",,-1,0
"65a3f9f172dfad6eeac33357",,-1,0
"65a3f9f172dfad6eeac33359",,-1,0
"65a3fa2e72dfad6eeac3335d",,-1,0
"65a3fa2f72dfad6eeac3335f",,-1,0
"65a3fa2f72dfad6eeac33361",,-1,0
"65a3fa2f72dfad6eeac33363",,-1,0
"65a3fa2f72dfad6eeac33365",,-1,0
"65a3fa2f72dfad6eeac33367",,-1,0
"65a3fa9772dfad6eeac3336b",,-1,0
"65a3fa9772dfad6eeac3336d",,-1,0
"65a3fa9772dfad6eeac3336f",,-1,0
"65a3fa9772dfad6eeac33371",,-1,0
"65a3fa9772dfad6eeac33373",,-1,0
"65a3fa9772dfad6eeac33375",,-1,0
"65a3fa9b72dfad6eeac33379",,30236,0
"65a3fa9b72dfad6eeac3337b",,30413,0
"65a3fa9b72dfad6eeac3337d",,30605,0
"65a3fa9c72dfad6eeac3337f",,30785,0
"65a3fa9c72dfad6eeac33381",,30965,0
"65a3fa9c72dfad6eeac33383",,31147.000000000004,0
"65a3fa9c72dfad6eeac33385",,31310.000000000004,0
"65a3fa9c72dfad6eeac33387",,31483,0
"65a3fa9d72dfad6eeac33389",,31654,0
"65a3fa9d72dfad6eeac3338b",,31848,0
"65a3fa9d72dfad6eeac3338d",,32034,0
"65a3fa9d72dfad6eeac3338f",,32194.000000000004,0
"65a3fa9d72dfad6eeac33391",,32362.000000000004,0
"65a3fa9d72dfad6eeac33393",,32534,0
"65a3fa9e72dfad6eeac33395",,32717,0
"65a3fa9e72dfad6eeac33397",,32981,0
"65a3fa9e72dfad6eeac33399",,33167,0
"65a3fa9e72dfad6eeac3339b",,33332,0
"65a3fa9e72dfad6eeac3339d",,33482,0
"65a3fa9e72dfad6eeac3339f",,33637,0
"65a3fa9f72dfad6eeac333a1",,33798,0
"65a3fa9f72dfad6eeac333a3",,90,0
"65a3fa9f72dfad6eeac333a5",,244,0
"65a3fa9f72dfad6eeac333a7",,395,0
"65a3fa9f72dfad6eeac333a9",,542,0
"65a3fa9f72dfad6eeac333ab",,691.0000000000073,0
"65a3faa072dfad6eeac333ad",,859,0
"65a3faa072dfad6eeac333af",,1011,0
"65a3faa072dfad6eeac333b1",,1174,0
"65a3faa072dfad6eeac333b3",,1327,0
"65a3faa072dfad6eeac333b5",,1488,0
"65a3faa072dfad6eeac333b7",,1659,0
"65a3faa172dfad6eeac333b9",,1840,0
"65a3faa172dfad6eeac333bb",,2013,0
"65a3faa172dfad6eeac333bd",,2178,0
"65a3faa172dfad6eeac333bf",,2370,0
"65a3faa172dfad6eeac333c1",,2558,0
"65a3faa172dfad6eeac333c3",,2707,0
"65a3faa272dfad6eeac333c5",,2888,0
"65a3faa272dfad6eeac333c7",,3041,0
"65a3faa272dfad6eeac333c9",,3221,0
"65a3faa272dfad6eeac333cb",,3445,0
"65a3faa272dfad6eeac333cd",,3623,0
"65a3faa372dfad6eeac333cf",,3791,0
"65a3faa372dfad6eeac333d1",,4005.0000000000073,0
"65a3faa372dfad6eeac333d3",,4205,0
"65a3faa372dfad6eeac333d5",,4374.000000000007,0
"65a3faa372dfad6eeac333d7",,4538,0
"65a3faa372dfad6eeac333d9",,4706,0
"65a3faa472dfad6eeac333db",,4878,0
"65a3faa472dfad6eeac333dd",,5075,0
"65a3faa472dfad6eeac333df",,5241,0
"65a3faa472dfad6eeac333e1",,5422,0
"65a3faa472dfad6eeac333e3",,5606,0
"65a3faa572dfad6eeac333e5",,5791,0
"65a3faa572dfad6eeac333e7",,5970,0
"65a3faa572dfad6eeac333e9",,6141,0
"65a3faa572dfad6eeac333eb",,6303,0
"65a3faa572dfad6eeac333ed",,6472,0
"65a3faa572dfad6eeac333ef",,6644,0
"65a3faa672dfad6eeac333f1",,6841,0
"65a3faa672dfad6eeac333f3",,7006,0
"65a3faa672dfad6eeac333f5",,7191.000000000007,0
"65a3faa672dfad6eeac333f7",,7358,0
"65a3faa672dfad6eeac333f9",,7539,0
"65a3faa672dfad6eeac333fb",,7711,0
"65a3faa772dfad6eeac333fd",,7902,0
"65a3faa772dfad6eeac333ff",,8088,0
"65a3faa772dfad6eeac33401",,8294,0
"65a3faa772dfad6eeac33403",,8506,0
"65a3faa772dfad6eeac33405",,8670,0
"65a3faa872dfad6eeac33407",,8823,0
"65a3faa872dfad6eeac33409",,9008.000000000007,0
"65a3faa872dfad6eeac3340b",,9176.000000000007,0
"65a3faa872dfad6eeac3340d",,9359,0
"65a3faa872dfad6eeac3340f",,9541,0
"65a3faa872dfad6eeac33411",,9739,0
"65a3faa972dfad6eeac33413",,9942,0
"65a3faa972dfad6eeac33415",,10126,0
"65a3faa972dfad6eeac33417",,10291,0
"65a3faa972dfad6eeac33419",,10472,0
"65a3faa972dfad6eeac3341b",,10677,0
"65a3faaa72dfad6eeac3341d",,10854,0
"65a3faaa72dfad6eeac3341f",,11037,0
"65a3faaa72dfad6eeac33421",,11252.000000000007,0
"65a3faab72dfad6eeac33423",,11840,0
"65a3faab72dfad6eeac33425",,12226,0
"65a3faab72dfad6eeac33427",,12472,0
"65a3faab72dfad6eeac33429",,12722,0
"65a3faac72dfad6eeac3342b",,12906,0
"65a3fadf72dfad6eeac3342d",,-1,0
"65a3fadf72dfad6eeac3342f",,-1,0
"65a3fadf72dfad6eeac33431",,-1,0
"65a3fae072dfad6eeac33433",,-1,0
"65a3fae072dfad6eeac33435",,-1,0
"65a3faec72dfad6eeac33439",,-1,0
"65a3faec72dfad6eeac3343b",,-1,0
"65a3faec72dfad6eeac3343d",,-1,0
"65a3faec72dfad6eeac3343f",,-1,0
"65a3faec72dfad6eeac33441",,-1,0
"65a3fb3372dfad6eeac33445",,-1,0
"65a3fb3472dfad6eeac33447",,-1,0
"65a3fb3472dfad6eeac33449",,-1,0
"65a3fb3472dfad6eeac3344b",,-1,0
"65a3fb3472dfad6eeac3344d",,-1,0
"65a3fb3472dfad6eeac3344f",,-1,0
"65a3fc0372dfad6eeac33453",,-1,0
"65a3fc0372dfad6eeac33455",,-1,0
"65a3fc0372dfad6eeac33457",,-1,0
"65a3fc0472dfad6eeac33459",,-1,0
"65a3fc0472dfad6eeac3345b",,-1,0
"65a3fc4072dfad6eeac3345f",,-1,0
"65a3fc4072dfad6eeac33461",,-1,0
"65a3fc4072dfad6eeac33463",,-1,0
"65a3fc4072dfad6eeac33465",,-1,0
"65a3fc4172dfad6eeac33467",,-1,0
"65a3fc4172dfad6eeac33469",,-1,0
"65a3fc7172dfad6eeac3346d",,-1,0
"65a3fc7172dfad6eeac3346f",,-1,0
"65a3fc7172dfad6eeac33471",,-1,0
"65a3fc7172dfad6eeac33473",,-1,0
"65a3fc7172dfad6eeac33475",,-1,0
"65a3fc7172dfad6eeac33477",,-1,0
"65a3fcb472dfad6eeac3347b",,-1,0
"65a3fcb472dfad6eeac3347d",,-1,0
"65a3fcb472dfad6eeac3347f",,-1,0
"65a3fcb472dfad6eeac33481",,-1,0
"65a3fcb572dfad6eeac33483",,-1,0
"65a3fcb672dfad6eeac33485",,-1,0
"65a3fcfa72dfad6eeac33489",,-1,0
"65a3fcfa72dfad6eeac3348b",,-1,0
"65a3fcfa72dfad6eeac3348d",,-1,0
"65a3fcfa72dfad6eeac3348f",,-1,0
"65a3fcfb72dfad6eeac33491",,-1,0
"65a3fcfb72dfad6eeac33493",,-1,0
"65a3fcfb72dfad6eeac33495",,-1,0
"65a3fd1072dfad6eeac33499",,-1,0
"65a3fd1172dfad6eeac3349b",,-1,0
"65a3fd1172dfad6eeac3349d",,-1,0
"65a3fd1172dfad6eeac3349f",,-1,0
"65a3fd1172dfad6eeac334a1",,-1,0
"65a3fd1172dfad6eeac334a3",,-1,0
"65a3fd8772dfad6eeac334a7",,-1,0
"65a3fd8872dfad6eeac334a9",,-1,0
"65a3fd8872dfad6eeac334ab",,-1,0
"65a3fd8872dfad6eeac334ad",,-1,0
"65a3fd8872dfad6eeac334af",,-1,0
"65a3fd8872dfad6eeac334b1",,-1,0
"65a3fdd372dfad6eeac334b5",,-1,0
"65a3fdd372dfad6eeac334b7",,-1,0
"65a3fdd372dfad6eeac334b9",,-1,0
"65a3fdd372dfad6eeac334bb",,-1,0
"65a3fdd472dfad6eeac334bd",,-1,0
"65a3fdd472dfad6eeac334bf",,-1,0
"65a3fdd472dfad6eeac334c1",,-1,0
"65a3fe4772dfad6eeac334c5",,-1,0
"65a3fe4772dfad6eeac334c7",,-1,0
"65a3fe4772dfad6eeac334c9",,-1,0
"65a3fe4772dfad6eeac334cb",,-1,0
"65a3fe4872dfad6eeac334cd",,-1,0
"65a3fe4872dfad6eeac334cf",,-1,0
"65a3fe4872dfad6eeac334d1",,-1,0
"65a3feb272dfad6eeac334d7",,-1,0
"65a3feb372dfad6eeac334d9",,-1,0
"65a3feb372dfad6eeac334db",,-1,0
"65a3feb372dfad6eeac334dd",,-1,0
"65a3feb372dfad6eeac334df",,-1,0
"65a3feb372dfad6eeac334e1",,-1,0
"65a400e672dfad6eeac334e7",,-1,0
"65a400e672dfad6eeac334e9",,-1,0
"65a400e772dfad6eeac334eb",,-1,0
"65a400e772dfad6eeac334ed",,-1,0
"65a400e772dfad6eeac334ef",,-1,0
"65a400e872dfad6eeac334f1",,-1,0
"65a400f172dfad6eeac334f5",,3225,0
"65a400f172dfad6eeac334f7",,3397,0
"65a400f172dfad6eeac334f9",,3558,0
"65a400f172dfad6eeac334fb",,3703,0
"65a400f172dfad6eeac334fd",,3861,0
"65a400f272dfad6eeac334ff",,4013,0
"65a400f272dfad6eeac33501",,4190,0
"65a400f272dfad6eeac33503",,4381,0
"65a400f272dfad6eeac33505",,4541,0
"65a400f272dfad6eeac33507",,4712,0
"65a400f272dfad6eeac33509",,4876,0
"65a400f372dfad6eeac3350b",,5036,0
"65a400f372dfad6eeac3350d",,5204,0
"65a400f372dfad6eeac3350f",,5361,0
"65a400f372dfad6eeac33511",,5542,0
"65a400f372dfad6eeac33513",,5706,0
"65a400f372dfad6eeac33515",,5887,0
"65a400f472dfad6eeac33517",,6081,0
"65a400f472dfad6eeac33519",,6289,0
"65a400f472dfad6eeac3351b",,6476.000000000004,0
"65a400f472dfad6eeac3351d",,6683,0
"65a400f472dfad6eeac3351f",,6861,0
"65a400f572dfad6eeac33521",,7043,0
"65a400f572dfad6eeac33523",,7241,0
"65a400f672dfad6eeac33525",,8131,0
"65a400f672dfad6eeac33527",,8348.000000000004,0
"65a400f672dfad6eeac33529",,8547,0
"65a400f672dfad6eeac3352b",,8744,0
"65a400f772dfad6eeac3352d",,8989,0
"65a400f772dfad6eeac3352f",,9229.000000000004,0
"65a400f772dfad6eeac33531",,9424,0
"65a400f772dfad6eeac33533",,9824,0
"65a400f872dfad6eeac33535",,10374.000000000004,0
"65a400f872dfad6eeac33537",,10580,0
"65a400f972dfad6eeac33539",,11270,0
"65a400f972dfad6eeac3353b",,11626,0
"65a400f972dfad6eeac3353d",,11792,0
"65a400fa72dfad6eeac3353f",,12174,0
"65a400fb72dfad6eeac33541",,13176,0
"65a400fc72dfad6eeac33543",,14162,0
"65a400fc72dfad6eeac33545",,14391,0
"65a400fd72dfad6eeac33547",,15421,0
"65a400fd72dfad6eeac33549",,15746,0
"65a400fe72dfad6eeac3354b",,15929,0
"65a400fe72dfad6eeac3354d",,16575,0
"65a400ff72dfad6eeac3354f",,17330,0
"65a4010072dfad6eeac33551",,18298,0
"65a4010172dfad6eeac33553",,18899,0
"65a4010172dfad6eeac33555",,19789,0
"65a4010272dfad6eeac33557",,19960,0
"65a4010272dfad6eeac33559",,20159,0
"65a4010272dfad6eeac3355b",,20352,0
"65a4010272dfad6eeac3355d",,20553.000000000007,0
"65a4010272dfad6eeac3355f",,20747,0
"65a4010372dfad6eeac33561",,20941,0
"65a4010372dfad6eeac33563",,21158,0
"65a4010372dfad6eeac33565",,21392,0
"65a4010472dfad6eeac33567",,22372,0
"65a4010472dfad6eeac33569",,22562.000000000007,0
"65a4010572dfad6eeac3356b",,22937.000000000007,0
"65a4010572dfad6eeac3356d",,23178.000000000007,0
"65a4010572dfad6eeac3356f",,23378,0
"65a4010672dfad6eeac33571",,24471,0
"65a4010672dfad6eeac33573",,24739.000000000007,0
"65a4010772dfad6eeac33575",,25299,0
"65a4010772dfad6eeac33577",,25797.000000000007,0
"65a4010872dfad6eeac33579",,26160,0
"65a4010872dfad6eeac3357b",,26825,0
"65a4010972dfad6eeac3357d",,27396,0
"65a4010a72dfad6eeac3357f",,28006,0
"65a4010a72dfad6eeac33581",,28698,0
"65a4010b72dfad6eeac33583",,29472,0
"65a4010c72dfad6eeac33585",,30140,0
"65a4012872dfad6eeac3358b",,57988,0
"65a4012872dfad6eeac3358d",,58175,0
"65a4012872dfad6eeac3358f",,58329,0
"65a4012872dfad6eeac33591",,58496,0
"65a4012872dfad6eeac33593",,58739,0
"65a4012972dfad6eeac33595",,58906,0
"65a4012972dfad6eeac33597",,59069,0
"65a4012972dfad6eeac33599",,59242,0
"65a4012972dfad6eeac3359b",,59408,0
"65a4012972dfad6eeac3359d",,59561,0
"65a4012972dfad6eeac3359f",,59729,0
"65a4012a72dfad6eeac335a1",,59897,0
"65a4012a72dfad6eeac335a3",,60172,0
"65a4012e72dfad6eeac335a7",,64533,0
"65a4012e72dfad6eeac335a9",,64726,0
"65a4012f72dfad6eeac335ad",,65046,0
"65a4012f72dfad6eeac335ab",,64890,0
"65a4012f72dfad6eeac335af",,65224,0
"65a4012f72dfad6eeac335b1",,65397,0
"65a4013072dfad6eeac335b3",,66459,0
"65a4013072dfad6eeac335b5",,66654,0
"65a4013072dfad6eeac335b7",,66826,0
"65a4013172dfad6eeac335b9",,66990.00000000001,0
"65a4013172dfad6eeac335bb",,67175,0
"65a4013172dfad6eeac335bd",,67337,0
"65a4013172dfad6eeac335bf",,67509,0
"65a4013172dfad6eeac335c1",,67697,0
"65a4013172dfad6eeac335c3",,67874,0
"65a4013272dfad6eeac335c5",,68064,0
"65a4013272dfad6eeac335c7",,68481.00000000001,0
"65a4013272dfad6eeac335c9",,68693,0
"65a4019372dfad6eeac335cb",,-1,0
"65a4019472dfad6eeac335cd",,-1,0
"65a4019472dfad6eeac335cf",,-1,0
"65a4019472dfad6eeac335d1",,-1,0
"65a4019472dfad6eeac335d3",,-1,0
"65a4019472dfad6eeac335d5",,-1,0
"65a401de72dfad6eeac335d9",,-1,0
"65a401de72dfad6eeac335db",,-1,0
"65a401de72dfad6eeac335dd",,-1,0
"65a401de72dfad6eeac335df",,-1,0
"65a401de72dfad6eeac335e1",,-1,0
"65a401de72dfad6eeac335e3",,-1,0
"65a4024e72dfad6eeac335e9",,-1,0
"65a4024f72dfad6eeac335eb",,-1,0
"65a4024f72dfad6eeac335ed",,-1,0
"65a4024f72dfad6eeac335ef",,-1,0
"65a4025072dfad6eeac335f1",,-1,0
"65a4025172dfad6eeac335f3",,-1,0
"65a4025172dfad6eeac335f5",,-1,0
"65a7ec7e72dfad6eeac335fd",,-1,0
"65a7ec7e72dfad6eeac335ff",,-1,0
"65a7ec7e72dfad6eeac33601",,-1,0
"65a7ec7f72dfad6eeac33603",,-1,0
"65a7ec7f72dfad6eeac33605",,-1,0
"65a7ec8072dfad6eeac33607",,-1,0
"65a7ec8072dfad6eeac33609",,-1,0
"65a7ec8672dfad6eeac3360d",,2233.999999999998,0
"65a7ec8672dfad6eeac3360f",,2438.999999999998,0
"65a7ec8672dfad6eeac33611",,2618.999999999998,0
"65a7ec8772dfad6eeac33613",,2788.999999999998,0
"65a7ec8772dfad6eeac33615",,2961.999999999998,0
"65a7ec8772dfad6eeac33617",,3165.999999999998,0
"65a7ec8772dfad6eeac33619",,3357.000000000002,0
"65a7ec8872dfad6eeac3361b",,3816.999999999998,0
"65a7ec8872dfad6eeac3361d",,3994.999999999998,0
"65a7ec8872dfad6eeac3361f",,4200.000000000002,0
"65a7ec8972dfad6eeac33621",,4938.999999999998,0
"65a7ec8972dfad6eeac33623",,5117.999999999998,0
"65a7ec8972dfad6eeac33625",,5317.999999999998,0
"65a7ec8972dfad6eeac33627",,5507.999999999998,0
"65a7ec8a72dfad6eeac33629",,5811.999999999998,0
"65a7ec8a72dfad6eeac3362b",,5986.999999999998,0
"65a7ec8a72dfad6eeac3362d",,6491.999999999998,0
"65a7ec8a72dfad6eeac3362f",,6735.999999999998,0
"65a7ec8b72dfad6eeac33631",,6967.999999999998,0
"65a7ec8b72dfad6eeac33633",,7168.000000000002,0
"65a7ec8d72dfad6eeac33635",,8816.999999999998,0
"65a7ec8d72dfad6eeac33637",,9009.999999999998,0
"65a7ec8d72dfad6eeac33639",,9454.999999999998,0
"65a7ec8d72dfad6eeac3363b",,9694.999999999998,0
"65a7ec8e72dfad6eeac3363d",,9899.999999999998,0
"65a7ec8e72dfad6eeac3363f",,10133.999999999998,0
"65a7ec8e72dfad6eeac33641",,10403.999999999998,0
"65a7ec8e72dfad6eeac33643",,10587.999999999998,0
"65a7ec8f72dfad6eeac33645",,10794.999999999998,0
"65a7ec8f72dfad6eeac33647",,11025.999999999998,0
"65a7f70f72dfad6eeac33649",,-1,0
"65a7f70f72dfad6eeac3364b",,-1,0
"65a7f70f72dfad6eeac3364d",,-1,0
"65a7f71072dfad6eeac3364f",,-1,0
"65a7f71072dfad6eeac33651",,-1,0
"65a7f73672dfad6eeac33655",,-1,0
"65a7f73672dfad6eeac33657",,-1,0
"65a7f73672dfad6eeac33659",,-1,0
"65a7f73672dfad6eeac3365b",,-1,0
"65a7f73672dfad6eeac3365d",,-1,0
"65a7f73772dfad6eeac3365f",,-1,0
"65a7f73772dfad6eeac33661",,-1,0
"65a7f73772dfad6eeac33663",,-1,0
"65a7f74972dfad6eeac33667",,-1,0
"65a7f74972dfad6eeac33669",,-1,0
"65a7f74a72dfad6eeac3366b",,-1,0
"65a7f74b72dfad6eeac3366d",,-1,0
"65a7f74b72dfad6eeac3366f",,-1,0
"65a7f74b72dfad6eeac33671",,-1,0
"65a7f74b72dfad6eeac33673",,-1,0
"65a7f74b72dfad6eeac33675",,-1,0
"65a7f75072dfad6eeac33679",,-1,0
"65a7f75172dfad6eeac3367b",,-1,0
"65a7f75172dfad6eeac3367d",,-1,0
"65a7f75172dfad6eeac3367f",,-1,0
"65a7f75172dfad6eeac33681",,-1,0
"65a7f75272dfad6eeac33683",,-1,0
"65a7f75272dfad6eeac33685",,-1,0
"65a7f75372dfad6eeac33687",,-1,0
"65a7f75372dfad6eeac33689",,-1,0
"65a7f75372dfad6eeac3368b",,-1,0
"65a7f75672dfad6eeac3368d",,-1,0
"65a7f75672dfad6eeac3368f",,-1,0
"65a7f75672dfad6eeac33691",,-1,0
"65a7f75672dfad6eeac33693",,-1,0
"65a7f75772dfad6eeac33695",,-1,0
"65a7f75772dfad6eeac33697",,-1,0
"65a7f75772dfad6eeac33699",,-1,0
"65a7f75772dfad6eeac3369b",,-1,0
"65a7f75872dfad6eeac3369d",,-1,0
"65a7f75872dfad6eeac3369f",,-1,0
"65a7f75872dfad6eeac336a1",,-1,0
"65a7f75872dfad6eeac336a3",,-1,0
"65a7f75872dfad6eeac336a5",,-1,0
"65a7fa7572dfad6eeac336ad",,-1,0
"65a7fa7572dfad6eeac336af",,-1,0
"65a7fa7672dfad6eeac336b1",,-1,0
"65a7fa7672dfad6eeac336b3",,-1,0
"65a7fa7672dfad6eeac336b5",,-1,0
"65a7fa7672dfad6eeac336b7",,-1,0
"65a7fa9172dfad6eeac336bb",,-1,0
"65a7fa9172dfad6eeac336bd",,-1,0
"65a7fa9172dfad6eeac336bf",,-1,0
"65a7fa9172dfad6eeac336c1",,-1,0
"65a7fa9172dfad6eeac336c3",,-1,0
"65a95bed72dfad6eeac336c7",,-1,0
"65a95bed72dfad6eeac336c9",,-1,0
"65a95bed72dfad6eeac336cb",,-1,0
"65a95bed72dfad6eeac336cd",,-1,0
"65a95bed72dfad6eeac336cf",,-1,0
"65a95bed72dfad6eeac336d1",,-1,0
"65a95bf372dfad6eeac336d5",,-1,0
"65a95bf372dfad6eeac336d7",,-1,0
"65a95bf372dfad6eeac336d9",,-1,0
"65a95bf372dfad6eeac336db",,-1,0
"65a95bf472dfad6eeac336dd",,-1,0
"65a95bf472dfad6eeac336df",,-1,0
"65a95d6e72dfad6eeac336e1",,-1,0
"65a95d6e72dfad6eeac336e3",,-1,0
"65a95d6e72dfad6eeac336e5",,-1,0
"65a95d6e72dfad6eeac336e7",,-1,0
"65a95d6f72dfad6eeac336e9",,-1,0
"65a95d6f72dfad6eeac336eb",,-1,0
"65abe9b842f109850541ef0b","a",-1,0
"65abe9b842f109850541ef0d","a",-1,0
"65abe9b942f109850541ef0f","a",-1,0
"65abe9b942f109850541ef11","a",-1,0
"65abe9b942f109850541ef13","a",-1,0
"65abe9ba42f109850541ef15","a",-1,0
"65abe9ba42f109850541ef17","a",-1,0
"65abe9bd42f109850541ef1b","a",-1,0
"65abe9bd42f109850541ef1d","a",-1,0
"65abe9bd42f109850541ef1f","a",-1,0
"65abe9bd42f109850541ef21","a",-1,0
"65abe9be42f109850541ef23","a",-1,0
"65abe9be42f109850541ef25","a",-1,0
"65abe9be42f109850541ef27","a",-1,0
"65abe9be42f109850541ef29","a",-1,0
"65abe9be42f109850541ef2b","a",-1,0
"65ad39137579894600635e10","q",-1,0
"65ad39137579894600635e12","q",-1,0
"65ad39137579894600635e14","q",-1,0
"65ad39137579894600635e16","q",-1,0
"65ad39137579894600635e18","q",-1,0
"65ad39137579894600635e1a","q",-1,0
"65ad39147579894600635e1c","q",-1,0
"65ad391a7579894600635e20","q",-1,0
"65ad391a7579894600635e22","q",-1,0
"65ad391b7579894600635e24","q",-1,0
"65ad391b7579894600635e26","q",-1,0
"65ad39217579894600635e28","q",4611,0
"65ad39217579894600635e2a","q",4785,0
"65ad39217579894600635e2c","q",4945,0
"65ad39217579894600635e2e","q",5129.000000000004,0
"65ad39217579894600635e30","q",5330,0
"65ad39227579894600635e32","q",5522,0
"65ad39227579894600635e34","q",5704,0
"65ad39227579894600635e36","q",5903,0
"65ad39227579894600635e38","q",6097.000000000004,0
"65ad39227579894600635e3a","q",6269,0
"65ad39227579894600635e3c","q",6445,0
"65ad39237579894600635e3e","q",6614,0
"65ad39237579894600635e40","q",6776,0
"65ad39237579894600635e42","q",6936,0
"65ad39237579894600635e44","q",7088,0
"65ad39237579894600635e48","q",7438,0
"65ad39237579894600635e46","q",7270,0
"65ad39247579894600635e4a","q",7604,0
"65ad39247579894600635e4c","q",7764,0
"65ad39247579894600635e4e","q",7937,0
"65ad39247579894600635e50","q",8096,0
"65ad39247579894600635e52","q",8253,0
"65ad39247579894600635e54","q",8410,0
"65ad39257579894600635e56","q",8581,0
"65ad39257579894600635e58","q",8760.000000000004,0
"65ad39257579894600635e5a","q",8927,0
"65ad39257579894600635e5c","q",9097.000000000004,0
"65ad39257579894600635e5e","q",9291,0
"65ad39257579894600635e60","q",9505,0
"65ad39267579894600635e62","q",9685,0
"65ad39267579894600635e64","q",9853.000000000004,0
"65ad39267579894600635e66","q",10028,0
"65ad39267579894600635e68","q",10203,0
"65ad39267579894600635e6a","q",10372,0
"65ad39277579894600635e6c","q",10543,0
"65ad39277579894600635e6e","q",10721,0
"65ad39277579894600635e70","q",10936,0
"65ad39277579894600635e72","q",11122,0
"65ad39277579894600635e74","q",11361,0
"65ad39287579894600635e76","q",12147,0
"65ad39287579894600635e78","q",12296,0
"65ad39287579894600635e7a","q",12479,0
"65ad39297579894600635e7c","q",12643,0
"65ad39297579894600635e7e","q",12843,0
"65ad39297579894600635e80","q",13043,0
"65ad39297579894600635e82","q",13248,0
"65ad39297579894600635e84","q",13430,0
"65ad392a7579894600635e86","q",13597.000000000004,0
"65ad39357579894600635e88","q",-1,0
"65ad39357579894600635e8a","q",-1,0
"65ad39367579894600635e8c","q",-1,0
"65ad39367579894600635e8e","q",-1,0
"65ad39367579894600635e90","q",-1,0
"65ad3ca07579894600635e94","q",-1,0
"65ad3ca07579894600635e96","q",-1,0
"65ad3ca07579894600635e98","q",-1,0
"65ad3ca07579894600635e9a","q",-1,0
"65ad3ca07579894600635e9c","q",-1,0
"65ad3ca37579894600635e9e","q",8581,0
"65ad3ca37579894600635ea0","q",8797,0
"65ad3ca47579894600635ea2","q",9000,0
"65ad3cbe7579894600635ea4","q",-1,0
"65ad3cbe7579894600635ea6","q",-1,0
"65ad3cbe7579894600635ea8","q",-1,0
"65ad3cbf7579894600635eaa","q",-1,0
"65ad3cc37579894600635eac","q",9249,0
"65ad3cc37579894600635eae","q",9443,0
"65ad3cc37579894600635eb0","q",9623,0
"65ad3cc37579894600635eb2","q",9798,0
"65ad3cc37579894600635eb4","q",9991,0
"65ad3cc77579894600635eb6","q",13237,0
"65ad3cf77579894600635eb8","q",2604,0
"65ad3cf87579894600635eba","q",2771,0
"65ad3cf87579894600635ebc","q",2952,0
"65ad3cf87579894600635ebe","q",3133,0
"65ad3cf97579894600635ec0","q",3676,0
"65ad3cf97579894600635ec2","q",3845,0
"65ad3cf97579894600635ec4","q",4012.0000000000005,0
"65ad3cf97579894600635ec6","q",4219,0
"65ad3cf97579894600635ec8","q",4463,0
"65ad3d327579894600635eca",,-1,0
"65ad3d327579894600635ecc",,-1,0
"65ad3d327579894600635ece",,-1,0
"65ad3d4f7579894600635ed0",,-1,0
"65ad3d507579894600635ed2",,-1,0
"65ad3d507579894600635ed4",,-1,0
"65ad3d507579894600635ed6",,-1,0
"65ad3d517579894600635ed8",,-1,0
"65ad3d517579894600635eda",,-1,0
"65ad3d517579894600635edc",,-1,0
"65ad3d517579894600635ede",,-1,0
"65ad3d527579894600635ee0",,-1,0
"65ad3d527579894600635ee2",,-1,0
"65ad3d537579894600635ee4",,-1,0
"65ad3d537579894600635ee6",,-1,0
"65ad3d537579894600635ee8",,-1,0
"65ad3d547579894600635eea",,-1,0
"65ad3d547579894600635eec",,-1,0
"65ad3d557579894600635eee",,-1,0
"65ad3d557579894600635ef0",,-1,0
"65ad3d557579894600635ef2",,-1,0
"65ad3d557579894600635ef4",,-1,0
"65ad3d557579894600635ef6",,-1,0
"65ad3d557579894600635ef8",,-1,0
"65ad3d567579894600635efa",,-1,0
"65ad3d567579894600635efc",,-1,0
"65ad3d567579894600635efe",,-1,0
"65ad3d567579894600635f00",,-1,0
"65ad3d567579894600635f02",,-1,0
"65ad3d567579894600635f04",,-1,0
"65ad3d577579894600635f06",,-1,0
"65ad3d577579894600635f08",,-1,0
"65ad3d577579894600635f0a",,-1,0
"65ad3d577579894600635f0c",,-1,0
"65ad3d577579894600635f0e",,-1,0
"65ad3d577579894600635f10",,-1,0
"65ad3d587579894600635f12",,-1,0
"65ad3d587579894600635f14",,-1,0
"65ad3d587579894600635f16",,-1,0
"65ad3d597579894600635f18",,-1,0
"65ad3d597579894600635f1a",,-1,0
"65ad3d597579894600635f1c",,-1,0
"65ad3d597579894600635f1e",,-1,0
"65ad3d5a7579894600635f20",,-1,0
"65ad3d5a7579894600635f22",,-1,0
"65ad3d5b7579894600635f24",,-1,0
"65ad3d5b7579894600635f26",,-1,0
"65ad3d5b7579894600635f28",,-1,0
"65ad3d5b7579894600635f2a",,-1,0
"65ad3d5b7579894600635f2c",,-1,0
"65ad3d5d7579894600635f2e",,-1,0
"65ad3d5f7579894600635f30",,1455,0
"65ad3d5f7579894600635f32",,1598,0
"65ad3d607579894600635f34",,1754,0
"65ad3d607579894600635f36",,1910,0
"65ad3d607579894600635f38",,2090,0
"65ad3d607579894600635f3a",,2263,0
"65ad3d607579894600635f3c",,2492,0
"65ad3d607579894600635f3e",,2669,0
"65ad3d617579894600635f40",,2854,0
"65ad3d617579894600635f42",,3021,0
"65ad3d617579894600635f44",,3187,0
"65ad3d617579894600635f46",,3348,0
"65ad3d617579894600635f48",,3498,0
"65ad3d617579894600635f4a",,3664,0
"65ad3d627579894600635f4c",,3856,0
"65ad3d627579894600635f4e",,4047,0
"65ad3d627579894600635f50",,4336,0
"65ad3d627579894600635f52",,4488.000000000004,0
"65ad3dbf7579894600635f54",,-1,0
"65ad3dbf7579894600635f56",,-1,0
"65ad3dbf7579894600635f58",,-1,0
"65ad3dbf7579894600635f5a",,-1,0
"65ad3dbf7579894600635f5c",,-1,0
"65ad3dbf7579894600635f5e",,-1,0
"65ad3dc07579894600635f60",,-1,0
"65ad3dc07579894600635f62",,-1,0
"65ad3dc07579894600635f64",,-1,0
"65ad3dc17579894600635f66",,4886,0
"65ad3dc17579894600635f68",,5046,0
"65ad3dc27579894600635f6a",,5216,0
"65ad3dc27579894600635f6c",,5404,0
"65ad3dc27579894600635f6e",,5621,0
"65ad3dc37579894600635f70",,6237,0
"65ad3dc37579894600635f72",,6397,0
"65ad3dc37579894600635f74",,6565,0
"65ad3dc37579894600635f76",,6762,0
"65ad3dc37579894600635f78",,6962,0
"65ad3dc37579894600635f7a",,7137,0
"65ad3dc47579894600635f7c",,7305,0
"65ad3dc47579894600635f7e",,7463,0
"65ad3dc47579894600635f80",,7654,0
"65ad3dc47579894600635f82",,7888,0
"65ad3dc47579894600635f84",,8076.000000000001,0
"65ad3dc57579894600635f86",,8269,0
"65ad3dc57579894600635f88",,8493,0
"65ad3dc57579894600635f8a",,8703,0
"65ad3dc57579894600635f8c",,8960,0
"65ad3dc57579894600635f8e",,9144,0
"65ad3dc67579894600635f90",,65,0
"65ad3dc67579894600635f92",,282,0
"65ad3dc67579894600635f94",,463,0
"65ad3dc67579894600635f96",,648,0
"65ad3dc67579894600635f98",,807,0
"65ad3dc77579894600635f9a",,947,0
"65ad3dc77579894600635f9c",,1083.0000000000018,0
"65ad3dc77579894600635f9e",,1216,0
"65ad3dc77579894600635fa0",,1347,0
"65ad3dc77579894600635fa2",,1522.0000000000018,0
"65ad3dc77579894600635fa4",,1732,0
"65ad3dc87579894600635fa6",,1905,0
"65ad3dc87579894600635fa8",,2132,0
"65ad3dc87579894600635faa",,2347,0
"65ad3dc87579894600635fac",,2566,0
"65ad3ef67579894600635fb0",,-1,0
"65ad3ef67579894600635fb2",,-1,0
"65ad3ef67579894600635fb4",,-1,0
"65ad3ef77579894600635fb6",,-1,0
"65ad3ef77579894600635fb8",,-1,0
"65ad3ef77579894600635fba",,-1,0
"65ad3ef77579894600635fbc",,-1,0
"65ad3ef87579894600635fbe",,-1,0
"65ad3ef87579894600635fc0",,-1,0
"65ad3ef87579894600635fc2",,-1,0
"65ad3ef87579894600635fc4",,-1,0
"65ad3ef97579894600635fc6",,-1,0
"65ad3ef97579894600635fc8",,-1,0
"65ad3efa7579894600635fca",,-1,0
"65ad3efa7579894600635fcc",,-1,0
"65ad3efa7579894600635fce",,-1,0
"65ad3efa7579894600635fd0",,-1,0
"65ad3eff7579894600635fd2",,18058,0
"65ad3f007579894600635fd4",,18253,0
"65ad3f007579894600635fd6",,18440,0
"65ad3f007579894600635fd8",,18631,0
"65ad3f007579894600635fda",,5,0
"65ad3f017579894600635fdc",,425,0
"65ad3f017579894600635fde",,641,0
"65ad3f017579894600635fe0",,836,0
"65ad3f017579894600635fe2",,1031,0
"65ad3f017579894600635fe4",,1218,0
"65ad3f027579894600635fe6",,1408,0
"65ad3f027579894600635fe8",,1604,0
"65ad3f027579894600635fea",,1792,0
"65ad3f027579894600635fec",,2012,0
"65ad3f027579894600635fee",,2203,0
"65ad3f037579894600635ff0",,2396,0
"65ad3f037579894600635ff2",,2605,0
"65ad3f037579894600635ff4",,2810,0
"65ad3f037579894600635ff6",,2982,0
"65ad3f037579894600635ff8",,3222,0
"65ad88297579894600635ffa",,-1,0
"65ad88297579894600635ffc",,-1,0
"65ad88297579894600635ffe",,-1,0
"65ad88297579894600636000",,-1,0
"65ad88297579894600636002",,-1,0
"65ad882a7579894600636004",,-1,0
"65ad882a7579894600636006",,-1,0
"65ad882d757989460063600a",,-1,0
"65ad882d757989460063600c",,-1,0
"65ad882d757989460063600e",,-1,0
"65ad882d7579894600636010",,-1,0
"65ad882e7579894600636012",,-1,0
"65ad882e7579894600636014",,-1,0
"65ad88317579894600636016",,20687,0
"65ad88317579894600636018",,20904,0
"65ad8831757989460063601a",,21104,0
"65ad8831757989460063601c",,21285,0
"65ad8832757989460063601e",,21458.000000000004,0
"65ad88327579894600636020",,21651,0
"65ad88327579894600636022",,21836.000000000004,0
"65ad88327579894600636024",,21985,0
"65ad88327579894600636026",,22142,0
"65ad88327579894600636028",,22318,0
"65ad8833757989460063602a",,22486,0
"65ad8833757989460063602c",,22652,0
"65ad8833757989460063602e",,22851,0
"65ad88337579894600636030",,23051.000000000004,0
"65ad88337579894600636032",,23252,0
"65ad88337579894600636034",,23439,0
"65ad88347579894600636036",,23642,0
"65ad88347579894600636038",,23854,0
"65ad8834757989460063603a",,189,0
"65ad8835757989460063603c",,370.99999999999636,0
"65ad8835757989460063603e",,564.9999999999964,0
"65ad88357579894600636040",,761.9999999999964,0
"65ad88357579894600636042",,959.9999999999964,0
"65ad88357579894600636044",,1137.9999999999964,0
"65ad88367579894600636046",,1341.9999999999964,0
"65ad88367579894600636048",,1542.9999999999964,0
"65ad8836757989460063604a",,1769.9999999999964,0
"65ad8836757989460063604c",,1955.9999999999964,0
"65ad8836757989460063604e",,2138.9999999999964,0
"65ad88367579894600636050",,2326.9999999999964,0
"65ad88377579894600636052",,2506.9999999999964,0
"65ad88377579894600636054",,2692,0
"65ad88377579894600636056",,2886.9999999999964,0
"65ad88377579894600636058",,3045.9999999999964,0
"65ad8837757989460063605a",,3238.9999999999964,0
"65ad8838757989460063605c",,3458.9999999999964,0
"65ad8838757989460063605e",,3641.9999999999964,0
"65ad88387579894600636060",,3843,0
"65ad88397579894600636062",,4729.999999999996,0
"65ad88397579894600636064",,4953.999999999996,0
"65ad88397579894600636066",,5152.999999999996,0
"65ad883a7579894600636068",,5393.999999999996,0
"65ad883a757989460063606a",,5510.999999999996,0
"65ad897a757989460063606c",,-1,0
"65ad897a757989460063606e",,-1,0
"65ad897a7579894600636070",,-1,0
"65ad897a7579894600636072",,-1,0
"65ad897a7579894600636074",,-1,0
"65ad897b7579894600636076",,-1,0
"65ad8983757989460063607a",,18403,0
"65ad8983757989460063607c",,18583.000000000004,0
"65ad8983757989460063607e",,18769.000000000004,0
"65ad89837579894600636080",,18942,0
"65ad89837579894600636082",,19098,0
"65ad89837579894600636084",,19300,0
"65ad89847579894600636086",,19500,0
"65ad89847579894600636088",,19686,0
"65ad8984757989460063608a",,19853,0
"65ad8984757989460063608c",,20058,0
"65ad8984757989460063608e",,20245,0
"65ad89857579894600636090",,20433,0
"65ad89857579894600636092",,20634,0
"65ad89857579894600636094",,20828,0
"65ad89857579894600636096",,20983,0
"65ad89857579894600636098",,21163,0
"65ad8986757989460063609a",,21362.000000000004,0
"65ad8986757989460063609c",,21565,0
"65ad8986757989460063609e",,21718,0
"65ad898675798946006360a0",,21913,0
"65ad898675798946006360a2",,22098,0
"65ad898675798946006360a4",,22303,0
"65ad898775798946006360a6",,7,0
"65ad898775798946006360a8",,161,0
"65ad898775798946006360aa",,358.00000000000364,0
"65ad898775798946006360ac",,530,0
"65ad898775798946006360ae",,743,0
"65ad898875798946006360b0",,932,0
"65ad898875798946006360b2",,1114.0000000000036,0
"65ad898875798946006360b4",,1298,0
"65ad898875798946006360b6",,1510,0
"65ad898875798946006360b8",,1755,0
"65ad898975798946006360ba",,1939,0
"65ad898975798946006360bc",,2114.0000000000036,0
"65ad898975798946006360be",,2299,0
"65ad898975798946006360c0",,2496,0
"65ad898a75798946006360c2",,2979,0
"65ad898a75798946006360c4",,3206,0
"65ad898a75798946006360c6",,3411,0
"65ad898a75798946006360c8",,3640.0000000000036,0
"65ad898b75798946006360ca",,3860,0
"65ad898b75798946006360cc",,4055,0
"65ad898b75798946006360ce",,4228,0
"65ad898b75798946006360d0",,4444,0
"65ad898b75798946006360d2",,4639,0
"65ad898c75798946006360d4",,4863,0
"65ad898c75798946006360d6",,5082.000000000004,0
"65ad898c75798946006360d8",,5357,0
"65ad898c75798946006360da",,5522,0
"65ad898c75798946006360dc",,5715,0
"65ad898d75798946006360de",,5941,0
"65ad898d75798946006360e0",,6156,0
"65ad898d75798946006360e2",,6325,0
"65ad898d75798946006360e4",,6511,0
"65ad898d75798946006360e6",,6715,0
"65ad898e75798946006360e8",,6900,0
"65ad898e75798946006360ea",,7133,0
"65ad898e75798946006360ec",,7311,0
"65ad898e75798946006360ee",,7539,0
"65ad898e75798946006360f0",,7747,0
"65ad898f75798946006360f2",,7959,0
"65ad898f75798946006360f4",,8240,0
"65ad898f75798946006360f6",,8447,0
"65ad898f75798946006360f8",,8646.000000000004,0
"65ad898f75798946006360fa",,8828,0
"65ad899075798946006360fc",,9031,0
"65ad899075798946006360fe",,9266,0
"65ad89907579894600636100",,9494,0
"65ad89917579894600636102",,10032,0
"65ad89917579894600636104",,10240.999999999996,0
"65ad8aecdbb4b833d7541ab5","f",-1,0
"65ad8aecdbb4b833d7541ab7","f",-1,0
"65ad8aecdbb4b833d7541ab9","f",-1,0
"65ad8aecdbb4b833d7541abb","f",-1,0
"65ad8aeddbb4b833d7541abd","f",-1,0
"65ad8aeddbb4b833d7541abf","f",-1,0
"65ad8aeddbb4b833d7541ac1","f",-1,0
"65ad8aeedbb4b833d7541ac3","f",-1,0
"65ad8af0dbb4b833d7541ac7","f",415.0000000000018,0
"65ad8af1dbb4b833d7541ac9","f",604.0000000000018,0
"65ad8af1dbb4b833d7541acb","f",805,0
"65ad8af1dbb4b833d7541acd","f",1004,0
"65ad8af1dbb4b833d7541acf","f",1239,0
"65ad8af1dbb4b833d7541ad1","f",1420,0
"65ad8af2dbb4b833d7541ad3","f",1588.0000000000018,0
"65ad8af2dbb4b833d7541ad5","f",1772,0
"65ad8af2dbb4b833d7541ad7","f",1993,0
"65ad8af2dbb4b833d7541ad9","f",2165.000000000002,0
"65ad8af2dbb4b833d7541adb","f",2337,0
"65ad8af3dbb4b833d7541add","f",2524.000000000002,0
"65ad8af3dbb4b833d7541adf","f",2854.000000000002,0
"65ad8af3dbb4b833d7541ae1","f",3023,0
"65ad8af3dbb4b833d7541ae3","f",3261.000000000002,0
"65ad8af3dbb4b833d7541ae5","f",3445,0
"65ad8af4dbb4b833d7541ae7","f",3615.000000000002,0
"65ad8af4dbb4b833d7541ae9","f",3787,0
"65ad8af4dbb4b833d7541aeb","f",3954,0
"65ad8af4dbb4b833d7541aed","f",4105,0
"65ad8af4dbb4b833d7541aef","f",4289,0
"65ad8af4dbb4b833d7541af1","f",4487.000000000004,0
"65ad8af5dbb4b833d7541af3","f",4671,0
"65ad8af5dbb4b833d7541af5","f",4838,0
"65ad8af5dbb4b833d7541af7","f",5003,0
"65ad8af5dbb4b833d7541af9","f",5187,0
"65ad8af5dbb4b833d7541afb","f",5354,0
"65ad8af6dbb4b833d7541afd","f",5545,0
"65ad8af6dbb4b833d7541aff","f",5738,0
"65ad8af6dbb4b833d7541b01","f",5937,0
"65ad8af6dbb4b833d7541b03","f",6104,0
"65ad8af6dbb4b833d7541b05","f",6288,0
"65ad8af6dbb4b833d7541b07","f",6490.000000000004,0
"65ad8af7dbb4b833d7541b09","f",6687,0
"65ad8af7dbb4b833d7541b0b","f",6871,0
"65ad8af7dbb4b833d7541b0d","f",7090,0
"65ad8af7dbb4b833d7541b0f","f",7261,0
"65ad8af7dbb4b833d7541b11","f",7458.000000000004,0
"65ad8af8dbb4b833d7541b13","f",7690,0
"65ad8af8dbb4b833d7541b15","f",7837,0
"65ad8af8dbb4b833d7541b17","f",8054.000000000004,0
"65ad8af8dbb4b833d7541b19","f",8225,0
"65ad8af8dbb4b833d7541b1b","f",8439,0
"65ad8af9dbb4b833d7541b1d","f",8644.000000000004,0
"65ad8af9dbb4b833d7541b1f","f",8815,0
"65ad8af9dbb4b833d7541b21","f",9005,0
"65ad8af9dbb4b833d7541b23","f",9219,0
"65ad8af9dbb4b833d7541b25","f",9408,0
"65ad8afadbb4b833d7541b27","f",9591,0
"65ad8afadbb4b833d7541b29","f",9789,0
"65ad8afadbb4b833d7541b2b","f",10009,0
"65ad8afadbb4b833d7541b2d","f",10214,0
"65ad8afadbb4b833d7541b2f","f",10465,0
"65ad8afbdbb4b833d7541b31","f",10676.000000000004,0
"65ad8afbdbb4b833d7541b33","f",10844,0
"65ad8afbdbb4b833d7541b35","f",11089,0
"65ad8afbdbb4b833d7541b37","f",11321,0
"65ad8afcdbb4b833d7541b39","f",11539,0
"65ad8afcdbb4b833d7541b3b","f",11741,0
"65ad8afcdbb4b833d7541b3d","f",11974,0
"65ad8afcdbb4b833d7541b3f","f",12141.000000000004,0
"65ad8afcdbb4b833d7541b41","f",12310,0
"65ad8afddbb4b833d7541b43","f",12498,0
"65ad8afddbb4b833d7541b45","f",12931,0
"65ad8afddbb4b833d7541b47","f",13126,0
"65ad8afddbb4b833d7541b49","f",13326,0
"65ad8afedbb4b833d7541b4b","f",13562,0
"65ad8afedbb4b833d7541b4d","f",13762,0
"65ad8afedbb4b833d7541b4f","f",13938,0
"65ad8afedbb4b833d7541b51","f",14115.000000000004,0
"65ad8afedbb4b833d7541b53","f",14306,0
"65ad8affdbb4b833d7541b55","f",14523,0
"65ad8affdbb4b833d7541b57","f",14722,0
"65ad8affdbb4b833d7541b59","f",14877,0
"65ad8affdbb4b833d7541b5d","f",15070,0
"65ad8affdbb4b833d7541b5f","f",15271,0
"65ad8ff79564b07fa7a98011","d",-1,0
"65ad8ff79564b07fa7a98013","d",-1,0
"65ad8ff79564b07fa7a98015","d",-1,0
"65ad8ff79564b07fa7a98017","d",-1,0
"65ad8ffc9564b07fa7a98019","d",4523.000000000001,0
"65ad8ffd9564b07fa7a9801b","d",4736.000000000001,0
"65ad8ffd9564b07fa7a9801d","d",4928,0
"65ad8ffd9564b07fa7a9801f","d",5125,0
"65ad8ffd9564b07fa7a98021","d",5296.000000000002,0
"65ad8ffd9564b07fa7a98023","d",5475,0
"65ad8ffd9564b07fa7a98025","d",5643,0
"65ad8ffe9564b07fa7a98027","d",5809.000000000002,0
"65ad8ffe9564b07fa7a98029","d",5980,0
"65ad8ffe9564b07fa7a9802b","d",6140,0
"65ad8ffe9564b07fa7a9802d","d",6324,0
"65ad8ffe9564b07fa7a9802f","d",6488,0
"65ad8ffe9564b07fa7a98031","d",6673,0
"65ad8fff9564b07fa7a98033","d",6845,0
"65ad8fff9564b07fa7a98035","d",7041,0
"65ad8fff9564b07fa7a98037","d",7209,0
"65ad8fff9564b07fa7a98039","d",7380,0
"65ad8fff9564b07fa7a9803b","d",7541,0
"65ad8fff9564b07fa7a9803d","d",7697,0
"65ad90009564b07fa7a9803f","d",7925,0
"65ad90009564b07fa7a98041","d",8072,0
"65ad930d18794f8bd3543257","g",-1,0
"65ad930d18794f8bd3543259","g",-1,0
"65ad930d18794f8bd354325b","g",-1,0
"65ad930e18794f8bd354325d","g",-1,0
"65ad930e18794f8bd354325f","g",-1,0
"65ad930e18794f8bd3543261","g",-1,0
"65ad972b1b1b29e0f830338a","g",-1,0
"65ad972b1b1b29e0f830338c","g",-1,0
"65ad972c1b1b29e0f830338e","g",-1,0
"65ad972c1b1b29e0f8303390","g",-1,0
"65ad972c1b1b29e0f8303392","g",-1,0
"65ad97b61b1b29e0f8303396","hg",1030,0
"65ad97b61b1b29e0f8303398","hg",1190,0
"65ad97b61b1b29e0f830339a","hg",1354,0
"65ad97b61b1b29e0f830339c","hg",1505,0
"65ad97b61b1b29e0f830339e","hg",1664,0
"65ad97b71b1b29e0f83033a0","hg",1880,0
"65ad97b71b1b29e0f83033a2","hg",2012,0
"65ad97b71b1b29e0f83033a4","hg",2171,0
"65ad97b71b1b29e0f83033a6","hg",2320.000000000001,0
"65ad97b71b1b29e0f83033a8","hg",2457,0
"65ad97b71b1b29e0f83033aa","hg",2581,0
"65ada0c2fc4b3711874f45c4",,235.30000007152557,0
"65ada0c7fc4b3711874f45c8",,5714.600000023842,0
"65ada0c8fc4b3711874f45ca",,6223.600000023842,0
"65ada0c9fc4b3711874f45cc",,7248.200000047684,0
"65ada0c9fc4b3711874f45ce",,7547.700000047684,0
"65ada0c9fc4b3711874f45d0",,7881.700000047684,0
"65ada0c9fc4b3711874f45d2",,8106.899999976158,0
"65ada0cafc4b3711874f45d4",,8345.899999976158,0
"65ada0cafc4b3711874f45d6",,8609.700000047684,0
"65ada0cafc4b3711874f45d8",,8853.800000071526,0
"65ada0cafc4b3711874f45da",,9083.800000071526,0
"65ada0cbfc4b3711874f45dc",,9329.100000023842,0
"65ada0cbfc4b3711874f45de",,9660.600000023842,0
"65ada0cbfc4b3711874f45e0",,9869.600000023842,0
"65ada0cbfc4b3711874f45e2",,10098.800000071526,0
"65ada0ccfc4b3711874f45e5",,10295.200000047684,0
"65ada0ccfc4b3711874f45e7",,10610.899999976158,0
"65ada0ccfc4b3711874f45e9",,10998.200000047684,0
"65ada0cdfc4b3711874f45eb",,11689.800000071526,0
"65ada0cdfc4b3711874f45ed",,11894.200000047684,0
"65ada0cdfc4b3711874f45ef",,12088.300000071526,0
"65ada0cefc4b3711874f45f1",,12322.600000023842,0
"65ada0cefc4b3711874f45f3",,12526.300000071526,0
"65ada0cefc4b3711874f45f5",,12719,0
"65ada0cefc4b3711874f45f7",,12924.700000047684,0
"65ada0cffc4b3711874f45f9",,13456.100000023842,0
"65ada0cffc4b3711874f45fb",,13957.5,0
"65ada0cffc4b3711874f45fd",,13991.300000071526,0
"65ada0cffc4b3711874f45ff",,14037.200000047684,0
"65ada0cffc4b3711874f4601",,14068.700000047684,0
"65ada0cffc4b3711874f4603",,14102.600000023842,0
"65ada0cffc4b3711874f4605",,14132,0
"65ada0d0fc4b3711874f4607",,14163.399999976158,0
"65ada0d0fc4b3711874f4609",,14195,0
"65ada0d0fc4b3711874f460b",,14227.399999976158,0
"65ada0d0fc4b3711874f460d",,14258.100000023842,0
"65ada0d0fc4b3711874f460f",,14289.899999976158,0
"65ada0d0fc4b3711874f4611",,14643.899999976158,0
"65ada0d0fc4b3711874f4613",,14866.100000023842,0
"65ada0d1fc4b3711874f4615",,15165.700000047684,0
"65ada0d1fc4b3711874f4618",,15353.600000023842,0
"65ada0d1fc4b3711874f461a",,15531,0
"65ada0d1fc4b3711874f461c",,15730.800000071526,0
"65ada0d1fc4b3711874f461e",,15977.200000047684,0
"65ada0d2fc4b3711874f4620",,16209.600000023842,0
"65ada0d2fc4b3711874f4622",,16401.700000047684,0
"65ada0d2fc4b3711874f4624",,16650.600000023842,0
"65ada0d2fc4b3711874f4626",,16857.100000023842,0
"65ada0d2fc4b3711874f4628",,17082.700000047684,0
"65ada0e8fc4b3711874f4634",,38338.89999997616,0
"65ada0e8fc4b3711874f4636",,38583.800000071526,0
"65ada0e8fc4b3711874f4638",,38784.39999997616,0
"65ada0e8fc4b3711874f463a",,39012.5,0
"65ada0e9fc4b3711874f463c",,39312.89999997616,0
"65ada108fc4b3711874f464b",,70419.10000002384,0
"65ada301fc4b3711874f46bf",,26291.799999952316,0
"65ada301fc4b3711874f46c1",,26483.700000047684,0
"65ada301fc4b3711874f46c3",,26678.700000047684,0
"65ada301fc4b3711874f46c5",,26938.700000047684,0
"65ada302fc4b3711874f46c8",,27321.899999976158,0
"65ada302fc4b3711874f46ca",,27529.899999976158,0
"65ada302fc4b3711874f46cc",,27701,0
"65ada302fc4b3711874f46ce",,27884.200000047684,0
"65ada303fc4b3711874f46d0",,28055.899999976158,0
"65ada306fc4b3711874f46d2",,31625.299999952316,0
"65ada308fc4b3711874f46d5",,33089.799999952316,0
"65ada309fc4b3711874f46d7",,34153,0
"65ada309fc4b3711874f46d9",,34370.799999952316,0
"65ada30bfc4b3711874f46dd",,36849.5,0
"65ada30cfc4b3711874f46e0",,37119.700000047684,0
"65ada30ffc4b3711874f46e2",,40150.10000002384,0
"65ada30ffc4b3711874f46e4",,40356.799999952316,0
"65ada310fc4b3711874f46e8",,41860.700000047684,0
"65ada311fc4b3711874f46eb",,42064.799999952316,0
"65ada311fc4b3711874f46ed",,42270.799999952316,0
"65ada311fc4b3711874f46ef",,42480.10000002384,0
"65ada311fc4b3711874f46f1",,42672.799999952316,0
"65ada311fc4b3711874f46f3",,42915.700000047684,0
"65ada312fc4b3711874f46f5",,43176,0
"65ada312fc4b3711874f46f7",,43395.10000002384,0
"65ada312fc4b3711874f46f9",,43626.799999952316,0
"65ada312fc4b3711874f46fb",,43864.5,0
"65ada313fc4b3711874f46fd",,44103.299999952316,0
"65ada313fc4b3711874f46ff",,44332.60000002384,0
"65ada313fc4b3711874f4701",,44582.700000047684,0
"65ada313fc4b3711874f4703",,44805.799999952316,0
"65ada314fc4b3711874f4705",,45027,0
"65ada314fc4b3711874f4707",,45230.799999952316,0
"65ada314fc4b3711874f4709",,45689.799999952316,0
"65ada317fc4b3711874f470e",,48573,0
"65ada317fc4b3711874f4710",,48745,0
"65ada318fc4b3711874f4712",,49404.200000047684,0
"65ada318fc4b3711874f4714",,49603.200000047684,0
"65ada318fc4b3711874f4716",,49829.39999997616,0
"65ada319fc4b3711874f4718",,50027,0
"65ada319fc4b3711874f471a",,50235.799999952316,0
"65ada319fc4b3711874f471c",,50452.700000047684,0
"65ada31bfc4b3711874f4721",,52072.10000002384,0
"65ada31bfc4b3711874f4723",,52270.200000047684,0
"65ada31bfc4b3711874f4725",,52770.299999952316,0
"65ada31bfc4b3711874f4727",,52944.89999997616,0
"65ada31dfc4b3711874f4729",,54425.299999952316,0
"65ada31dfc4b3711874f472b",,54674.299999952316,0
"65ada31efc4b3711874f472d",,55173.10000002384,0
"65ada31efc4b3711874f472f",,55222.10000002384,0
"65ada31efc4b3711874f4731",,55249.5,0
"65ada31efc4b3711874f4733",,55284,0
"65ada31efc4b3711874f4735",,55313.10000002384,0
"65ada31efc4b3711874f4737",,55346.700000047684,0
"65ada31efc4b3711874f4739",,55654.89999997616,0
"65ada5234d1d58e99c21316a",,-1,0
"65ada5244d1d58e99c21316c",,-1,0
"65ada5244d1d58e99c21316e",,-1,0
"65ada5254d1d58e99c213170",,-1,0
"65ada5264d1d58e99c213172",,-1,0
"65ada55a4d1d58e99c213176",,-1,0
"65ada55a4d1d58e99c213178",,-1,0
"65ada55b4d1d58e99c21317a",,-1,0
"65ada55b4d1d58e99c21317c",,-1,0
"65ada55b4d1d58e99c21317e",,-1,0
"65ada55b4d1d58e99c213180",,-1,0
"65ada55c4d1d58e99c213182",,-1,0
"65ada55c4d1d58e99c213184",,-1,0
"65ada55c4d1d58e99c213186",,-1,0
"65ada55d4d1d58e99c213188",,-1,0
"65ada56c4d1d58e99c21318a",,-1,0
"65ada56d4d1d58e99c21318c",,-1,0
"65ada56d4d1d58e99c21318e",,-1,0
"65ada56d4d1d58e99c213190",,-1,0
"65ada56d4d1d58e99c213192",,-1,0
"65ada56e4d1d58e99c213194",,-1,0
"65ada56e4d1d58e99c213196",,-1,0
"65ada56e4d1d58e99c213198",,-1,0
"65ada56e4d1d58e99c21319a",,-1,0
"65ada56f4d1d58e99c21319c",,-1,0
"65ada56f4d1d58e99c21319e",,-1,0
"65ada56f4d1d58e99c2131a0",,-1,0
"65ada56f4d1d58e99c2131a2",,-1,0
"65ada5704d1d58e99c2131a4",,-1,0
"65ada5704d1d58e99c2131a6",,-1,0
"65ada5704d1d58e99c2131a8",,-1,0
"65ada5704d1d58e99c2131aa",,-1,0
"65ada5704d1d58e99c2131ac",,-1,0
"65ada5714d1d58e99c2131ae",,-1,0
"65ada5714d1d58e99c2131b0",,-1,0
"65ada57a4d1d58e99c2131b4",,-1,0
"65ada57a4d1d58e99c2131b6",,-1,0
"65ada57a4d1d58e99c2131b8",,-1,0
"65ada57d4d1d58e99c2131ba",,-1,0
"65ada57d4d1d58e99c2131bc",,-1,0
"65ada57d4d1d58e99c2131be",,-1,0
"65ada57d4d1d58e99c2131c0",,-1,0
"65ada57e4d1d58e99c2131c2",,-1,0
"65ada5894d1d58e99c2131c4",,-1,0
"65ada5894d1d58e99c2131c6",,-1,0
"65ada5894d1d58e99c2131c8",,-1,0
"65ada58a4d1d58e99c2131ca",,-1,0
"65ada58a4d1d58e99c2131cc",,-1,0
"65ada58a4d1d58e99c2131ce",,-1,0
"65ada58a4d1d58e99c2131d0",,-1,0
"65ada58a4d1d58e99c2131d2",,-1,0
"65ada58b4d1d58e99c2131d4",,-1,0
"65ada58b4d1d58e99c2131d6",,-1,0
"65ada58b4d1d58e99c2131d8",,-1,0
"65ada58b4d1d58e99c2131da",,-1,0
"65ada58c4d1d58e99c2131dc",,-1,0
"65ada58c4d1d58e99c2131de",,-1,0
"65ada58c4d1d58e99c2131e0",,-1,0
"65ada58c4d1d58e99c2131e2",,-1,0
"65ada58c4d1d58e99c2131e4",,-1,0
"65ada6184d1d58e99c2131ea","23131",-1,0
"65ada6184d1d58e99c2131ec","23131",-1,0
"65ada6194d1d58e99c2131ee","23131",-1,0
"65ada6194d1d58e99c2131f0","23131",-1,0
"65ada6194d1d58e99c2131f2","23131",-1,0
"65ada6194d1d58e99c2131f4","23131",-1,0
"65ada6194d1d58e99c2131f6","23131",-1,0
"65ada61a4d1d58e99c2131f8","23131",-1,0
"65ada61a4d1d58e99c2131fa","23131",-1,0
"65ada61a4d1d58e99c2131fc","23131",-1,0
"65ada61a4d1d58e99c2131fe","23131",-1,0
"65ada61a4d1d58e99c213200","23131",-1,0
"65ada61b4d1d58e99c213202","23131",-1,0
"65ada61b4d1d58e99c213204","23131",-1,0
"65ada61b4d1d58e99c213206","23131",-1,0
"65ada61b4d1d58e99c213208","23131",-1,0
"65ada61b4d1d58e99c21320a","23131",-1,0
"65ada61c4d1d58e99c21320c","23131",-1,0
"65ada61c4d1d58e99c21320e","23131",-1,0
"65ada61c4d1d58e99c213210","23131",-1,0
"65ada6274d1d58e99c213214","23131",3052,0
"65ada6274d1d58e99c213216","23131",3323,0
"65ada6274d1d58e99c213218","23131",3571.100000023842,0
"65ada6284d1d58e99c21321a","23131",4355.899999976158,0
"65ada6294d1d58e99c21321c","23131",5140.600000023842,0
"65ada6294d1d58e99c21321e","23131",5711,0
"65ada62a4d1d58e99c213220","23131",6011,0
"65ada62a4d1d58e99c213222","23131",6375.899999976158,0
"65ada62b4d1d58e99c213224","23131",7100.600000023842,0
"65ada62b4d1d58e99c213226","23131",7336,0
"65ada62b4d1d58e99c213228","23131",7709.899999976158,0
"65ada62c4d1d58e99c21322a","23131",7910.799999952316,0
"65ada62c4d1d58e99c21322c","23131",8564.600000023842,0
"65ada62d4d1d58e99c21322e","23131",8824,0
"65ada62d4d1d58e99c213230","23131",9070,0
"65ada62d4d1d58e99c213232","23131",9286.299999952316,0
"65ada62d4d1d58e99c213234","23131",9517.100000023842,0
"65ada82d4d1d58e99c213238","23131",-1,0
"65ada82d4d1d58e99c21323a","23131",-1,0
"65ada82d4d1d58e99c21323c","23131",-1,0
"65ada82d4d1d58e99c21323e","23131",-1,0
"65ada82d4d1d58e99c213240","23131",-1,0
"65ada82e4d1d58e99c213242","23131",-1,0
"65ada82e4d1d58e99c213244","23131",-1,0
"65ada82e4d1d58e99c213246","23131",-1,0
"65ada82e4d1d58e99c213248","23131",-1,0
"65ada82e4d1d58e99c21324a","23131",-1,0
"65ada82f4d1d58e99c21324c","23131",-1,0
"65ada82f4d1d58e99c21324e","23131",-1,0
"65ada8374d1d58e99c213252","23131",2807.3000000715256,0
"65ada8374d1d58e99c213254","23131",3042.7000000476837,0
"65ada8384d1d58e99c213256","23131",3266.600000023842,0
"65ada8384d1d58e99c213258","23131",3482.600000023842,0
"65ada8384d1d58e99c21325a","23131",3676.5,0
"65ada8384d1d58e99c21325c","23131",3865.7000000476837,0
"65ada8384d1d58e99c21325e","23131",4036.600000023842,0
"65ada8394d1d58e99c213260","23131",4232,0
"65ada8394d1d58e99c213262","23131",4439.800000071526,0
"65ada8394d1d58e99c213264","23131",4608.800000071526,0
"65adacc37aeafee975f4499b",,-1,0
"65adacc37aeafee975f4499d",,-1,0
"65adacc37aeafee975f4499f",,-1,0
"65adacc37aeafee975f449a1",,-1,0
"65adacc47aeafee975f449a3",,-1,0
"65adacc47aeafee975f449a5",,-1,0
"65adacc47aeafee975f449a7",,-1,0
"65adacc47aeafee975f449a9",,-1,0
"65adacc47aeafee975f449ab",,-1,0
"65adaccb7aeafee975f449af",,46464.299999952316,0
"65adaccb7aeafee975f449b1",,46817.299999952316,0
"65adaccb7aeafee975f449b3",,47075.299999952316,0
"65adaccc7aeafee975f449b5",,47740.799999952316,0
"65adaccc7aeafee975f449b7",,47914.700000047684,0
"65adaccc7aeafee975f449b9",,48145.299999952316,0
"65adaccd7aeafee975f449bb",,48343.39999997616,0
"65adaccd7aeafee975f449bd",,48531.200000047684,0
"65adb0b17a67a1f654b22de9",,3742.7999999523163,0
"65adb0b17a67a1f654b22deb",,4439.200000047684,0
"65adb0b27a67a1f654b22ded",,5018.5,0
"65adb0b27a67a1f654b22def",,5247.100000023842,0
"65adb0b27a67a1f654b22df1",,5581,0
"65adb0b37a67a1f654b22df3",,5864.600000023842,0
"65adb0b37a67a1f654b22df5",,6071.399999976158,0
"65adb0b37a67a1f654b22df7",,6317.700000047684,0
"65adb0b47a67a1f654b22df9",,6601.5,0
"65adb0b47a67a1f654b22dfb",,6809.799999952316,0
"65adb3d17fa66f6dc5c2f33a",,-1,0
"65adb3d17fa66f6dc5c2f33c",,-1,0
"65adb3d27fa66f6dc5c2f33e",,-1,0
"65adb4add3d6fdf79ae7d36c",,3790,0
"65adb4aed3d6fdf79ae7d36e",,4006.100000023842,0
"65adb4aed3d6fdf79ae7d370",,4217.199999928474,0
"65adb4aed3d6fdf79ae7d372",,4419.399999976158,0
"65adb4aed3d6fdf79ae7d374",,4647.699999928474,0
"65adb4aed3d6fdf79ae7d376",,4926.5,0
"65adb4afd3d6fdf79ae7d378",,5175.399999976158,0
"65adb4afd3d6fdf79ae7d37a",,5366.699999928474,0
"65adb4afd3d6fdf79ae7d37c",,5580.699999928474,0
"65adb4afd3d6fdf79ae7d37e",,5785.399999976158,0
"65adb4b0d3d6fdf79ae7d380",,6012.299999952316,0
"65adb4b0d3d6fdf79ae7d382",,59.5,0
"65adb4b0d3d6fdf79ae7d384",,233.5,0
"65adb4b0d3d6fdf79ae7d386",,440.5,0
"65adb4f137f5093dc8f61876",,3129.7000000476837,0
"65adb4f137f5093dc8f61878",,3369.3000000715256,0
"65adb4f237f5093dc8f6187a",,3640.8000000715256,0
"65adb4f237f5093dc8f6187c",,3890.7000000476837,0
"65adb4f237f5093dc8f6187e",,4080.100000023842,0
"65adb4f237f5093dc8f61880",,4307.600000023842,0
"65adb4f237f5093dc8f61882",,4504.800000071526,0
"65adb4f337f5093dc8f61884",,4703.100000023842,0
"65adb4f337f5093dc8f61886",,4911.100000023842,0
"65adb4f337f5093dc8f61888",,5101.900000095367,0
"65adb4f337f5093dc8f6188a",,5317.700000047684,0
"65adb4f337f5093dc8f6188c",,5536.700000047684,0
"65adb4f437f5093dc8f6188e",,5758.600000023842,0
"65adb4f437f5093dc8f61890",,6002.600000023842,0
"65adb5b537f965e2e09e27c8",,3401.5,0
"65adb5b537f965e2e09e27ca",,3625.100000023842,0
"65adb5b537f965e2e09e27cc",,3857.100000023842,0
"65adb5b537f965e2e09e27ce",,4081.899999976158,0
"65adb5b637f965e2e09e27d0",,4280,0
"65adb5b637f965e2e09e27d2",,4470.200000047684,0
"65adb5b637f965e2e09e27d4",,4651.200000047684,0
"65adb5b637f965e2e09e27d6",,4869.200000047684,0
"65adb5b637f965e2e09e27d8",,5063.399999976158,0
"65adb5b737f965e2e09e27da",,5246.899999976158,0
"65adb5b737f965e2e09e27dc",,5438.300000071526,0
"65adc8352cf56bd2c6893c4d","23131",6147.100000023842,0
"65adc8352cf56bd2c6893c4f","23131",6429.600000023842,0
"65adc8352cf56bd2c6893c51","23131",6652.900000095367,0
"65adc8362cf56bd2c6893c53","23131",7055.5,0
"65adc8362cf56bd2c6893c55","23131",7248,0
"65adc8362cf56bd2c6893c57","23131",7437.800000071526,0
"65adc8362cf56bd2c6893c59","23131",7633.5,0
"65adc8362cf56bd2c6893c5b","23131",7855.300000071526,0
"65adc8372cf56bd2c6893c5d","23131",8060.5,0
"65adc8372cf56bd2c6893c5f","23131",8288.600000023842,0
"65adc8372cf56bd2c6893c61","23131",88.69999992847443,0
"65adc8372cf56bd2c6893c63","23131",334.1999999284744,0
"65adc8382cf56bd2c6893c65","23131",526.2999999523163,0
"65adc8382cf56bd2c6893c67","23131",782.6000000238419,0
"65adc8382cf56bd2c6893c69","23131",1039.5,0
"65adc8382cf56bd2c6893c6b","23131",1233.1000000238419,0
"65adc8392cf56bd2c6893c6d","23131",1459.6999999284744,0
"65adc8392cf56bd2c6893c6f","23131",1671.7999999523163,0
"65adc8392cf56bd2c6893c71","23131",1876.6000000238419,0
"65adc8392cf56bd2c6893c73","23131",2081.6999999284744,0
"65adc8392cf56bd2c6893c75","23131",2288.7999999523163,0
"65adc83a2cf56bd2c6893c77","23131",2520.2999999523163,0
"65adc83a2cf56bd2c6893c79","23131",2716.6999999284744,0
"65adc83a2cf56bd2c6893c7b","23131",2975.899999976158,0
"65add096f10edaa59c8bdb39","g",2272,0
"65add097f10edaa59c8bdb3b","g",3343,0
"65add098f10edaa59c8bdb3d","g",4143,0
"65add099f10edaa59c8bdb3f","g",5088.000000000002,0
"65add09af10edaa59c8bdb41","g",6387,0
"65add09bf10edaa59c8bdb43","g",7132,0
"65add09bf10edaa59c8bdb45","g",7532,0
"65add09cf10edaa59c8bdb47","g",8377,0
"65add09cf10edaa59c8bdb49","g",8578.000000000002,0
"65add09cf10edaa59c8bdb4b","g",8761.000000000002,0
"65add09df10edaa59c8bdb4d","g",8943,0
"65add09df10edaa59c8bdb4f","g",9127,0
"65add09df10edaa59c8bdb51","g",9656,0
"65add09ef10edaa59c8bdb53","g",9863,0
"65add09ef10edaa59c8bdb55","g",10087,0
"65add09ef10edaa59c8bdb57","g",10272.000000000004,0
"65add09ef10edaa59c8bdb59","g",10515,0
"65add09ef10edaa59c8bdb5b","g",10787,0
"65add09ff10edaa59c8bdb5d","g",11055,0
"65add0a1f10edaa59c8bdb5f","g",12989,0
"65add0a1f10edaa59c8bdb61","g",13182.000000000004,0
"65add0a1f10edaa59c8bdb63","g",13742,0
"65add0a2f10edaa59c8bdb65","g",13928,0
"65add0a2f10edaa59c8bdb67","g",14129,0
"65add0a2f10edaa59c8bdb69","g",14305,0
"65add0a2f10edaa59c8bdb6b","g",14532,0
"65add0a3f10edaa59c8bdb6d","g",15055,0
"65add0a3f10edaa59c8bdb6f","g",15238,0
"65add0a3f10edaa59c8bdb71","g",15439,0
"65add0a5f10edaa59c8bdb73","g",17200,0
"65add1b6e7f68c3cfe84110c","g",-1,0
"65add1b6e7f68c3cfe84110e","g",-1,0
"65add1b6e7f68c3cfe841110","g",-1,0
"65add1b7e7f68c3cfe841112","g",-1,0
"65add1b7e7f68c3cfe841114","g",-1,0
"65add1b7e7f68c3cfe841116","g",-1,0
"65add1bbe7f68c3cfe84111a","g",1608,0
"65add1bce7f68c3cfe84111c","g",1779,0
"65add1bce7f68c3cfe84111e","g",1927,0
"65add1bce7f68c3cfe841120","g",2106,0
"65add1bce7f68c3cfe841122","g",2277,0
"65add1bce7f68c3cfe841124","g",2459,0
"65add1bce7f68c3cfe841126","g",2621,0
"65add1bde7f68c3cfe841128","g",2798,0
"65add1bde7f68c3cfe84112a","g",2956,0
"65add1bde7f68c3cfe84112c","g",3122,0
"65add1bde7f68c3cfe84112e","g",3284,0
"65add1bde7f68c3cfe841130","g",3443.0000000000036,0
"65add1bde7f68c3cfe841132","g",3607,0
"65add1bee7f68c3cfe841134","g",3811,0
"65add1bee7f68c3cfe841136","g",4005,0
"65add1bee7f68c3cfe841138","g",4194,0
"65add1bee7f68c3cfe84113a","g",4362,0
"65add1bee7f68c3cfe84113c","g",4530,0
"65add1bee7f68c3cfe84113e","g",4698,0
"65add1bfe7f68c3cfe841140","g",4895,0
"65add1bfe7f68c3cfe841142","g",5090,0
"65add1bfe7f68c3cfe841144","g",5290,0
"65add1bfe7f68c3cfe841146","g",5482,0
"65add1c0e7f68c3cfe841148","g",5706,0
"65add1c0e7f68c3cfe84114a","g",5857,0
"65add1c0e7f68c3cfe84114c","g",6022,0
"65add28a82db3fd207746e85","g",-1,0
"65add28a82db3fd207746e87","g",-1,0
"65add28b82db3fd207746e89","g",-1,0
"65add28b82db3fd207746e8b","g",-1,0
"65add28b82db3fd207746e8d","g",-1,0
"65add28b82db3fd207746e8f","g",-1,0
"65add28b82db3fd207746e91","g",-1,0
"65add33482db3fd207746e95","Joe",4319,0
"65add33582db3fd207746e97","Joe",5713,0
"65add33682db3fd207746e99","Joe",5904,0
"65add33682db3fd207746e9b","Joe",6096,0
"65add33682db3fd207746e9d","Joe",6273,0
"65add33682db3fd207746e9f","Joe",6480,0
"65add33782db3fd207746ea1","Joe",689,0
"65add33882db3fd207746ea3","Joe",1682,0
"65add33982db3fd207746ea5","Joe",2293,0
"65add33982db3fd207746ea7","Joe",2728,0
"65add33a82db3fd207746ea9","Joe",3089,0
"65add33b82db3fd207746eab","Joe",3962,0
"65add33b82db3fd207746ead","Joe",4155.000000000002,0
"65add33b82db3fd207746eaf","Joe",4311,0
"65add33b82db3fd207746eb1","Joe",4476,0
"65add33b82db3fd207746eb3","Joe",4647,0
"65add33c82db3fd207746eb5","Joe",4820,0
"65add33c82db3fd207746eb7","Joe",5006,0
"65add33c82db3fd207746eb9","Joe",5461,0
"65add33c82db3fd207746ebb","Joe",5636,0
"65add33d82db3fd207746ebd","Joe",5811,0
"65add33d82db3fd207746ebf","Joe",5989,0
"65add33d82db3fd207746ec1","Joe",6164,0
"65add33d82db3fd207746ec3","Joe",6338,0
"65add33d82db3fd207746ec5","Joe",6496,0
"65add33d82db3fd207746ec7","Joe",6661.000000000002,0
"65add33e82db3fd207746ec9","Joe",6831.000000000002,0
"65add33e82db3fd207746ecb","Joe",7605,0
"65add33f82db3fd207746ecd","Joe",7793,0
"65add33f82db3fd207746ecf","Joe",7960,0
"65add33f82db3fd207746ed1","Joe",8124,0
"65add33f82db3fd207746ed3","Joe",8287,0
"65add33f82db3fd207746ed5","Joe",8448,0
"65add33f82db3fd207746ed7","Joe",8624,0
"65add34082db3fd207746ed9","Joe",8824,0
"65add34082db3fd207746edb","Joe",9422,0
"65add34082db3fd207746edd","Joe",9592.000000000004,0
"65add34182db3fd207746edf","Joe",9764,0
"65add34182db3fd207746ee1","Joe",9942,0
"65add34182db3fd207746ee3","Joe",10123,0
"65add34282db3fd207746ee5","Joe",10787,0
"65add34282db3fd207746ee7","Joe",10955,0
"65add34282db3fd207746ee9","Joe",11138,0
"65add6dfc23ff50846e91b12","23131",-1,0
"65add6dfc23ff50846e91b14","23131",-1,0
"65add6e0c23ff50846e91b16","23131",-1,0
"65add6e1c23ff50846e91b18","23131",-1,0
"65add6e1c23ff50846e91b1a","23131",-1,0
"65add6e1c23ff50846e91b1c","23131",-1,0
"65add6e1c23ff50846e91b1e","23131",-1,0
"65adda30cebf8e98c943ba13","g",1057,0
"65adda30cebf8e98c943ba15","g",1249,0
"65adda30cebf8e98c943ba17","g",1421,0
"65adda30cebf8e98c943ba19","g",1604,0
"65adda31cebf8e98c943ba1b","g",1774,0
"65adda31cebf8e98c943ba1d","g",1926,0
"65adda31cebf8e98c943ba1f","g",2086.0000000000005,0
"65adda31cebf8e98c943ba21","g",2254,0
"65adda31cebf8e98c943ba23","g",2421,0
"65adda31cebf8e98c943ba25","g",2588,0
"65adda32cebf8e98c943ba27","g",2731,0
"65adda33cebf8e98c943ba29","g",3987,0
"65adda33cebf8e98c943ba2b","g",4155,0
"65adda33cebf8e98c943ba2d","g",4307,0
"65adda33cebf8e98c943ba2f","g",4456,0
"65adda33cebf8e98c943ba31","g",4625,0
"65adda34cebf8e98c943ba33","g",4793,0
"65adda34cebf8e98c943ba35","g",4993,0
"65adda34cebf8e98c943ba37","g",5172.000000000001,0
"65adda34cebf8e98c943ba39","g",5337.000000000001,0
"65adda34cebf8e98c943ba3b","g",5510,0
"65adda35cebf8e98c943ba3d","g",5679,0
"65adda36cebf8e98c943ba3f","g",7024,0
"65adda36cebf8e98c943ba41","g",7193,0
"65adda36cebf8e98c943ba43","g",7360,0
"65adda36cebf8e98c943ba45","g",7512,0
"65adda37cebf8e98c943ba47","g",7646,0
"65adda37cebf8e98c943ba49","g",8073,0
"65adda37cebf8e98c943ba4b","g",8231,0
"65adda37cebf8e98c943ba4d","g",8393,0
"65adda37cebf8e98c943ba4f","g",8543.000000000002,0
"65adda38cebf8e98c943ba51","g",9099,0
"65adda38cebf8e98c943ba53","g",9254,0
"65adda38cebf8e98c943ba55","g",9411,0
"65adda38cebf8e98c943ba57","g",9547,0
"65adda39cebf8e98c943ba59","g",9800,0
"65addad2469bcee633b3741a","23131",2887.2999999523163,0
"65addad2469bcee633b3741c","23131",3178.899999976158,0
"65addad3469bcee633b3741e","23131",3419.100000023842,0
"65addad3469bcee633b37420","23131",3625.600000023842,0
"65addc2fb1e810c390800bb6","k",1988,0
"65addc30b1e810c390800bb8","k",2192,0
"65addc30b1e810c390800bba","k",2372,0
"65addc30b1e810c390800bbc","k",2556,0
"65addc31b1e810c390800bbe","k",3070,0
"65addc31b1e810c390800bc0","k",3543,0
"65addc31b1e810c390800bc2","k",3740,0
"65addc32b1e810c390800bc4","k",4604,0
"65addc32b1e810c390800bc6","k",4794,0
"65addc32b1e810c390800bc8","k",4958,0
"65addc33b1e810c390800bca","k",5137,0
"65addc33b1e810c390800bcc","k",6029,0
"65addc34b1e810c390800bce","k",6206,0
"65addc34b1e810c390800bd0","k",6423,0
"65addc34b1e810c390800bd2","k",6606,0
"65addc34b1e810c390800bd4","k",6825.000000000002,0
"65addc35b1e810c390800bd6","k",7393,0
"65addc35b1e810c390800bd8","k",7609,0
"65addc35b1e810c390800bda","k",7880,0
"65addc36b1e810c390800bdc","k",8071,0
"65addcbad78520ccb155267c","23131",-1,0
"65addccecdcd2f016e52fe84","23131",10700.100000023842,0
"65addccecdcd2f016e52fe86","23131",10918.700000047684,0
"65addccecdcd2f016e52fe88","23131",11096,0
"65addccecdcd2f016e52fe8a","23131",11314.799999952316,0
"65addccfcdcd2f016e52fe8c","23131",11586.700000047684,0
"65addcd6cdcd2f016e52fe8e","23131",5417.100000023842,0
"65addcd6cdcd2f016e52fe90","23131",5601.600000023842,0
"65addcd6cdcd2f016e52fe92","23131",5781.899999976158,0
"65addcd6cdcd2f016e52fe94","23131",5973,0
"65addcd6cdcd2f016e52fe96","23131",63.5,0
"65addcd7cdcd2f016e52fe98","23131",615.5,0
"65addcd7cdcd2f016e52fe9a","23131",814.2999999523163,0
"65addcd7cdcd2f016e52fe9c","23131",1079.3999999761581,0
"65addd4f01b9a91e60790a92","l",5954,0
"65addd4f01b9a91e60790a94","l",6121,0
"65addd4f01b9a91e60790a96","l",6270,0
"65addd5001b9a91e60790a98","l",6464,0
"65addd5001b9a91e60790a9a","l",6628.000000000001,0
"65addd5001b9a91e60790a9c","l",6794,0
"65addd5001b9a91e60790a9e","l",6944,0
"65addd5001b9a91e60790aa0","l",7115,0
"65addd5001b9a91e60790aa2","l",7296,0
"65addd5101b9a91e60790aa4","l",7458,0
"65addd5101b9a91e60790aa6","l",7626,0
"65addd5101b9a91e60790aa8","l",7792,0
"65addd5101b9a91e60790aaa","l",7969,0
"65addd5101b9a91e60790aac","l",8128,0
"65addd5101b9a91e60790aae","l",8291,0
"65addd5201b9a91e60790ab0","l",8442,0
"65addd5201b9a91e60790ab2","l",8596,0
"65addd5201b9a91e60790ab4","l",8759,0
"65addd5201b9a91e60790ab6","l",8928,0
"65addd5201b9a91e60790ab8","l",9092.000000000002,0
"65addd5201b9a91e60790aba","l",9276,0
"65addd5301b9a91e60790abc","l",9453,0
"65addd5301b9a91e60790abe","l",9608.000000000002,0
"65addd5301b9a91e60790ac0","l",9937,0
"65addd5301b9a91e60790ac2","l",10092.000000000002,0
"65addd5301b9a91e60790ac4","l",10287,0
"65addd5401b9a91e60790ac6","l",10474,0
"65addd5401b9a91e60790ac8","l",10670,0
"65addd5401b9a91e60790aca","l",10846,0
"65addd5401b9a91e60790acc","l",11030,0
"65addd5401b9a91e60790ace","l",11210,0
"65addd5501b9a91e60790ad0","l",11368,0
"65addd5501b9a91e60790ad2","l",11543,0
"65addd5501b9a91e60790ad4","l",11720.000000000002,0
"65addd5501b9a91e60790ad6","l",11878,0
"65addd5501b9a91e60790ad8","l",12052,0
"65addd5501b9a91e60790ada","l",12226,0
"65addd5601b9a91e60790adc","l",12394,0
"65addd5601b9a91e60790ade","l",12571,0
"65addd5601b9a91e60790ae0","l",12752.000000000002,0
"65addd5601b9a91e60790ae2","l",12935.000000000002,0
"65addd5601b9a91e60790ae4","l",13142,0
"65addd5601b9a91e60790ae6","l",13294.000000000002,0
"65addd5701b9a91e60790ae8","l",13453,0
"65addd5701b9a91e60790aea","l",13637.000000000002,0
"65addd5701b9a91e60790aec","l",13809,0
"65addd5701b9a91e60790aee","l",13961,0
"65addd5701b9a91e60790af0","l",14125,0
"65addd5701b9a91e60790af2","l",14308,0
"65addd5801b9a91e60790af4","l",14493,0
"65addd5801b9a91e60790af6","l",14675.000000000002,0
"65addd5801b9a91e60790af8","l",14846,0
"65addd5801b9a91e60790afa","l",15019,0
"65addd5801b9a91e60790afc","l",15194,0
"65addd5901b9a91e60790afe","l",15369,0
"65addd5901b9a91e60790b00","l",15558,0
"65addd5901b9a91e60790b02","l",15725,0
"65addd5901b9a91e60790b04","l",15909.000000000002,0
"65addd5901b9a91e60790b06","l",16091,0
"65addd5901b9a91e60790b08","l",16253,0
"65addd5a01b9a91e60790b0a","l",16427.000000000004,0
"65addd5a01b9a91e60790b0c","l",16624,0
"65addd5a01b9a91e60790b0e","l",16793,0
"65addd5a01b9a91e60790b10","l",16969,0
"65addd5a01b9a91e60790b12","l",17142,0
"65addd5a01b9a91e60790b14","l",17319,0
"65addd5b01b9a91e60790b16","l",17509,0
"65addd5b01b9a91e60790b18","l",17696,0
"65addd5b01b9a91e60790b1a","l",17892,0
"65addd5b01b9a91e60790b1c","l",18086,0
"65addd5b01b9a91e60790b1e","l",18319,0
"65addd5c01b9a91e60790b20","l",18542,0
"65addd5c01b9a91e60790b22","l",18710,0
"65addd5c01b9a91e60790b24","l",18888,0
"65addd5c01b9a91e60790b26","l",19059,0
"65addd5c01b9a91e60790b28","l",19228,0
"65addd5d01b9a91e60790b2a","l",19396,0
"65addd5d01b9a91e60790b2c","l",19581,0
"65addd5d01b9a91e60790b2e","l",19793,0
"65addd5d01b9a91e60790b30","l",19990,0
"65addd5d01b9a91e60790b32","l",20176,0
"65addd5e01b9a91e60790b34","l",20364,0
"65addd6201b9a91e60790b36","l",25244.000000000004,0
"65addd6301b9a91e60790b38","l",25403,0
"65addd6301b9a91e60790b3a","l",25587.000000000004,0
"65addd6301b9a91e60790b3c","l",25770,0
"65addd6301b9a91e60790b3e","l",25940,0
"65addd6301b9a91e60790b40","l",26120,0
"65addd6301b9a91e60790b42","l",26303,0
"65addd6401b9a91e60790b44","l",26495,0
"65addd6401b9a91e60790b46","l",26636,0
"65addd6401b9a91e60790b48","l",26842,0
"65adddc8401f96f316706269","23131",-1,0
"65adddc8401f96f31670626b","23131",-1,0
"65adddc8401f96f31670626d","23131",-1,0
"65adddc9401f96f31670626f","23131",-1,0
"65adddc9401f96f316706271","23131",-1,0
"65adddc9401f96f316706273","23131",-1,0
"65adddc9401f96f316706275","23131",-1,0
"65adddc9401f96f316706277","23131",-1,0
"65adddca401f96f316706279","23131",-1,0
"65adddca401f96f31670627b","23131",-1,0
"65adddca401f96f31670627d","23131",-1,0
"65adddca401f96f31670627f","23131",-1,0
"65adddcb401f96f316706281","23131",-1,0
"65adddcb401f96f316706283","23131",-1,0
"65adddcb401f96f316706285","23131",-1,0
"65adddcb401f96f316706287","23131",-1,0
"65adde9b5bed55651e2de7f5","23131",-1,0
"65adde9b5bed55651e2de7f7","23131",-1,0
"65adde9c5bed55651e2de7f9","23131",-1,0
"65adde9c5bed55651e2de7fb","23131",-1,0
"65adde9c5bed55651e2de7fd","23131",-1,0
"65adde9d5bed55651e2de7ff","23131",-1,0
"65adde9d5bed55651e2de801","23131",-1,0
"65adde9d5bed55651e2de803","23131",-1,0
"65adde9d5bed55651e2de805","23131",-1,0
"65adde9e5bed55651e2de807","23131",-1,0
"65adde9e5bed55651e2de809","23131",-1,0
"65adde9e5bed55651e2de80b","23131",-1,0
"65adde9e5bed55651e2de80d","23131",-1,0
"65adde9f5bed55651e2de80f","23131",-1,0
"65adde9f5bed55651e2de811","23131",-1,0
"65adde9f5bed55651e2de813","23131",-1,0
"65adde9f5bed55651e2de815","23131",-1,0
"65addea05bed55651e2de817","23131",-1,0
"65addea05bed55651e2de819","23131",-1,0
"65addea05bed55651e2de81b","23131",-1,0
"65addea05bed55651e2de81d","23131",-1,0
"65addea15bed55651e2de81f","23131",-1,0
"65addea15bed55651e2de821","23131",-1,0
"65addea15bed55651e2de823","23131",-1,0
"65addea15bed55651e2de825","23131",-1,0
"65addea25bed55651e2de827","23131",-1,0
"65addea25bed55651e2de829","23131",-1,0
"65addea25bed55651e2de82b","23131",-1,0
"65addea25bed55651e2de82d","23131",-1,0
"65addea35bed55651e2de82f","23131",-1,0
"65addea35bed55651e2de831","23131",-1,0
"65addea35bed55651e2de833","23131",-1,0
"65addea35bed55651e2de835","23131",-1,0
"65addea45bed55651e2de837","23131",-1,0
"65addea45bed55651e2de839","23131",-1,0
"65addea45bed55651e2de83b","23131",-1,0
"65addea45bed55651e2de83d","23131",-1,0
"65addea55bed55651e2de83f","23131",-1,0
"65addea55bed55651e2de841","23131",-1,0
"65addea55bed55651e2de843","23131",-1,0
"65addea65bed55651e2de845","23131",-1,0
"65addea65bed55651e2de847","23131",-1,0
"65addea65bed55651e2de849","23131",-1,0
"65addea65bed55651e2de84b","23131",-1,0
"65addea75bed55651e2de84d","23131",-1,0
"65addea75bed55651e2de84f","23131",-1,0
"65addea75bed55651e2de851","23131",-1,0
"65addea75bed55651e2de853","23131",-1,0
"65addea85bed55651e2de855","23131",-1,0
"65addea85bed55651e2de857","23131",-1,0
"65addea85bed55651e2de859","23131",-1,0
"65addea85bed55651e2de85b","23131",-1,0
"65addea85bed55651e2de85d","23131",-1,0
"65addea95bed55651e2de85f","23131",-1,0
"65addea95bed55651e2de861","23131",-1,0
"65addea95bed55651e2de863","23131",-1,0
"65addea95bed55651e2de865","23131",-1,0
"65addea95bed55651e2de867","23131",-1,0
"65addeaa5bed55651e2de869","23131",-1,0
"65addeaa5bed55651e2de86b","23131",-1,0
"65addeaa5bed55651e2de86d","23131",-1,0
"65addeab5bed55651e2de86f","23131",-1,0
"65addeab5bed55651e2de871","23131",-1,0
"65addeab5bed55651e2de873","23131",-1,0
"65addeab5bed55651e2de875","23131",-1,0
"65addeac5bed55651e2de877","23131",-1,0
"65addeac5bed55651e2de879","23131",-1,0
"65addeac5bed55651e2de87b","23131",-1,0
"65addeac5bed55651e2de87d","23131",-1,0
"65addead5bed55651e2de87f","23131",-1,0
"65addead5bed55651e2de881","23131",-1,0
"65addead5bed55651e2de883","23131",-1,0
"65addead5bed55651e2de885","23131",-1,0
"65addeae5bed55651e2de887","23131",-1,0
"65addeae5bed55651e2de889","23131",-1,0
"65addeae5bed55651e2de88b","23131",-1,0
"65addeaf5bed55651e2de88d","23131",-1,0
"65addeaf5bed55651e2de88f","23131",-1,0
"65addeaf5bed55651e2de891","23131",-1,0
"65addeaf5bed55651e2de893","23131",-1,0
"65addeb05bed55651e2de895","23131",-1,0
"65addeb05bed55651e2de897","23131",-1,0
"65addeb05bed55651e2de899","23131",-1,0
"65addeb05bed55651e2de89b","23131",-1,0
"65addeb15bed55651e2de89d","23131",-1,0
"65addeb15bed55651e2de89f","23131",-1,0
"65addeb15bed55651e2de8a1","23131",-1,0
"65addeb15bed55651e2de8a3","23131",-1,0
"65addeb25bed55651e2de8a5","23131",-1,0
"65addeb25bed55651e2de8a7","23131",-1,0
"65addeb35bed55651e2de8a9","23131",-1,0
"65addeb35bed55651e2de8ab","23131",-1,0
"65addeb35bed55651e2de8ad","23131",-1,0
"65addeb45bed55651e2de8af","23131",-1,0
"65addeb45bed55651e2de8b1","23131",-1,0
"65addeb55bed55651e2de8b3","23131",-1,0
"65addeb55bed55651e2de8b5","23131",-1,0
"65addeb55bed55651e2de8b7","23131",-1,0
"65addeb55bed55651e2de8b9","23131",-1,0
"65addeb75bed55651e2de8bb","23131",-1,0
"65addeb85bed55651e2de8bd","23131",-1,0
"65addeb85bed55651e2de8bf","23131",-1,0
"65addeb95bed55651e2de8c1","23131",-1,0
"65addeb95bed55651e2de8c3","23131",-1,0
"65addeba5bed55651e2de8c5","23131",-1,0
"65addebb5bed55651e2de8c7","23131",-1,0
"65addebc5bed55651e2de8c9","23131",-1,0
"65addebd5bed55651e2de8cb","23131",-1,0
"65addebd5bed55651e2de8cd","23131",-1,0
"65addebd5bed55651e2de8cf","23131",-1,0
"65addebd5bed55651e2de8d1","23131",-1,0
"65addf139a593a15d08ed606","23131",-1,0
"65addf139a593a15d08ed608","23131",-1,0
"65addf139a593a15d08ed60a","23131",-1,0
"65addf139a593a15d08ed60c","23131",-1,0
"65addf149a593a15d08ed60e","23131",-1,0
"65addf149a593a15d08ed610","23131",-1,0
"65addf149a593a15d08ed612","23131",-1,0
"65addf149a593a15d08ed614","23131",-1,0
"65addf149a593a15d08ed616","23131",-1,0
"65addf159a593a15d08ed618","23131",-1,0
"65addf159a593a15d08ed61a","23131",-1,0
"65addf159a593a15d08ed61c","23131",-1,0
"65addf159a593a15d08ed61e","23131",-1,0
"65addf159a593a15d08ed620","23131",-1,0
"65addf169a593a15d08ed622","23131",-1,0
"65addf169a593a15d08ed624","23131",-1,0
"65addf169a593a15d08ed626","23131",-1,0
"65addf169a593a15d08ed628","23131",-1,0
"65addf169a593a15d08ed62a","23131",-1,0
"65addf179a593a15d08ed62c","23131",-1,0
"65addf179a593a15d08ed62e","23131",-1,0
"65addf179a593a15d08ed630","23131",-1,0
"65addf28cf3e98f3af7e664d","j",825,0
"65addf28cf3e98f3af7e664f","j",1245,0
"65addf29cf3e98f3af7e6651","j",1641,0
"65addf29cf3e98f3af7e6653","j",1928,0
"65addf29cf3e98f3af7e6655","j",2174,0
"65addf29cf3e98f3af7e6657","j",2376,0
"65addf2acf3e98f3af7e6659","j",2543,0
"65addf2acf3e98f3af7e665b","j",2770,0
"65addf2acf3e98f3af7e665d","j",2962.999999999999,0
"65addf2acf3e98f3af7e665f","j",3143.000000000002,0
"65addf2acf3e98f3af7e6661","j",3440,0
"65addf2bcf3e98f3af7e6663","j",4343,0
"65addf2ccf3e98f3af7e6665","j",5356,0
"65addf2dcf3e98f3af7e6667","j",6047,0
"65addf2ecf3e98f3af7e6669","j",6456,0
"65addf2ecf3e98f3af7e666b","j",6993,0
"65addf2ecf3e98f3af7e666d","j",7180,0
"65addf2fcf3e98f3af7e666f","j",7509,0
"65addf2fcf3e98f3af7e6671","j",7974,0
"65addf2fcf3e98f3af7e6673","j",8249,0
"65addf33cf3e98f3af7e6675","j",2059,0
"65addf33cf3e98f3af7e6677","j",2199,0
"65addf34cf3e98f3af7e6679","j",2405,0
"65addf34cf3e98f3af7e667b","j",2555,0
"65addf34cf3e98f3af7e667d","j",2723,0
"65addf34cf3e98f3af7e667f","j",2889,0
"65addf4acf3e98f3af7e6681","j",-1,0
"65addf4acf3e98f3af7e6683","j",-1,0
"65addf4acf3e98f3af7e6685","j",-1,0
"65addf4bcf3e98f3af7e6687","j",-1,0
"65addf4bcf3e98f3af7e6689","j",-1,0
"65addf4ccf3e98f3af7e668b","j",-1,0
"65addf51cf3e98f3af7e668f","j",1870.0000000000036,0
"65addf52cf3e98f3af7e6691","j",2430,0
"65addf52cf3e98f3af7e6693","j",2873.0000000000036,0
"65addf52cf3e98f3af7e6695","j",3208,0
"65addf53cf3e98f3af7e6697","j",3537,0
"65addf53cf3e98f3af7e6699","j",3746,0
"65addf53cf3e98f3af7e669b","j",3962,0
"65addf53cf3e98f3af7e669d","j",4144,0
"65addf53cf3e98f3af7e669f","j",4346,0
"65addf54cf3e98f3af7e66a1","j",4507,0
"65addf54cf3e98f3af7e66a3","j",4691,0
"65addf54cf3e98f3af7e66a5","j",4889,0
"65addf54cf3e98f3af7e66a7","j",5081,0
"65addf54cf3e98f3af7e66a9","j",5262,0
"65addf55cf3e98f3af7e66ab","j",5461,0
"65addf55cf3e98f3af7e66ad","j",5641,0
"65addf55cf3e98f3af7e66af","j",5832,0
"65addf55cf3e98f3af7e66b1","j",6013,0
"65addf55cf3e98f3af7e66b3","j",6175,0
"65addf55cf3e98f3af7e66b5","j",6355,0
"65addf56cf3e98f3af7e66b7","j",6526,0
"65ade0094e6bcb71e6b8ca5d","j",-1,0
"65ade00a4e6bcb71e6b8ca5f","j",-1,0
"65ade00a4e6bcb71e6b8ca61","j",-1,0
"65ade00a4e6bcb71e6b8ca63","j",-1,0
"65ade00b4e6bcb71e6b8ca65","j",-1,0
"65ade00b4e6bcb71e6b8ca67","j",-1,0
"65ade00b4e6bcb71e6b8ca69","j",-1,0
"65ade00b4e6bcb71e6b8ca6b","j",-1,0
"65ade00b4e6bcb71e6b8ca6d","j",-1,0
"65ade00b4e6bcb71e6b8ca6f","j",-1,0
"65ade00c4e6bcb71e6b8ca71","j",-1,0
"65ade0144e6bcb71e6b8ca73","j",6222.999999999998,0
"65ade0144e6bcb71e6b8ca75","j",6657,0
"65ade0154e6bcb71e6b8ca77","j",6989,0
"65ade0154e6bcb71e6b8ca79","j",7323.999999999998,0
"65ade0154e6bcb71e6b8ca7b","j",7670.999999999998,0
"65ade0164e6bcb71e6b8ca7d","j",7942.999999999998,0
"65ade0164e6bcb71e6b8ca7f","j",8194.999999999998,0
"65ade0164e6bcb71e6b8ca81","j",8410.999999999998,0
"65ade0164e6bcb71e6b8ca83","j",8571.999999999998,0
"65ade0174e6bcb71e6b8ca85","j",8728.999999999998,0
"65ade0174e6bcb71e6b8ca87","j",8904.999999999998,0
"65ade0174e6bcb71e6b8ca89","j",9059.999999999998,0
"65ade0174e6bcb71e6b8ca8b","j",9239.000000000002,0
"65ade0174e6bcb71e6b8ca8d","j",9405.999999999998,0
"65ade0174e6bcb71e6b8ca8f","j",9578.999999999998,0
"65ade0184e6bcb71e6b8ca91","j",9755.999999999998,0
"65ade0184e6bcb71e6b8ca93","j",9904.999999999998,0
"65ade0184e6bcb71e6b8ca95","j",10056.999999999998,0
"65ade0184e6bcb71e6b8ca97","j",10211.999999999998,0
"65ade0184e6bcb71e6b8ca99","j",10405.999999999998,0
"65ade0184e6bcb71e6b8ca9b","j",10573.999999999998,0
"65ade0194e6bcb71e6b8ca9d","j",10762.999999999998,0
"65ade0194e6bcb71e6b8ca9f","j",10939.999999999998,0
"65ade0194e6bcb71e6b8caa1","j",11126.999999999998,0
"65ade0194e6bcb71e6b8caa3","j",11287.999999999998,0
"65ade0194e6bcb71e6b8caa5","j",11495.000000000002,0
"65ade0194e6bcb71e6b8caa7","j",11692.999999999998,0
"65ade01a4e6bcb71e6b8caa9","j",11875.999999999998,0
"65ade01a4e6bcb71e6b8caab","j",12059.000000000002,0
"65ade01a4e6bcb71e6b8caad","j",12246.999999999998,0
"65ade01a4e6bcb71e6b8caaf","j",12438.999999999998,0
"65ade01a4e6bcb71e6b8cab1","j",12637.999999999998,0
"65ade01b4e6bcb71e6b8cab3","j",12824.999999999998,0
"65ade01b4e6bcb71e6b8cab5","j",13021.000000000002,0
"65ade01b4e6bcb71e6b8cab7","j",13213.000000000002,0
"65ade01b4e6bcb71e6b8cab9","j",13392.999999999998,0
"65ade01b4e6bcb71e6b8cabb","j",13588.999999999998,0
"65ade01c4e6bcb71e6b8cabd","j",13777.000000000002,0
"65ade01c4e6bcb71e6b8cabf","j",13953.999999999998,0
"65ade0294e6bcb71e6b8cac1","j",-1,0
"65ade02a4e6bcb71e6b8cac3","j",-1,0
"65ade02a4e6bcb71e6b8cac5","j",-1,0
"65ade02a4e6bcb71e6b8cac7","j",-1,0
"65ade02b4e6bcb71e6b8cac9","j",-1,0
"65ade02b4e6bcb71e6b8cacb","j",-1,0
"65ade02c4e6bcb71e6b8cacd","j",-1,0
"65ade02c4e6bcb71e6b8cacf","j",-1,0
"65ade02f4e6bcb71e6b8cad1","j",-1,0
"65ade02f4e6bcb71e6b8cad3","j",-1,0
"65ade02f4e6bcb71e6b8cad5","j",-1,0
"65ade0304e6bcb71e6b8cad7","j",-1,0
"65ade0304e6bcb71e6b8cad9","j",-1,0
"65ade0314e6bcb71e6b8cadb","j",-1,0
"65ade0314e6bcb71e6b8cadd","j",-1,0
"65ade0314e6bcb71e6b8cadf","j",-1,0
"65ade062f2675902c6d40900","23131",-1,0
"65ade062f2675902c6d40902","23131",-1,0
"65ade062f2675902c6d40904","23131",-1,0
"65ade062f2675902c6d40906","23131",-1,0
"65ade062f2675902c6d40908","23131",-1,0
"65ade063f2675902c6d4090a","23131",-1,0
"65ade063f2675902c6d4090c","23131",-1,0
"65ade063f2675902c6d4090e","23131",-1,0
"65ade063f2675902c6d40910","23131",-1,0
"65ade063f2675902c6d40912","23131",-1,0
"65ade064f2675902c6d40914","23131",-1,0
"65ade064f2675902c6d40916","23131",-1,0
"65ade065f2675902c6d40918","23131",-1,0
"65ade065f2675902c6d4091a","23131",-1,0
"65ade066f2675902c6d4091c","23131",-1,0
"65ade0994e6bcb71e6b8cae1","j",-1,0
"65ade0994e6bcb71e6b8cae3","j",-1,0
"65ade0994e6bcb71e6b8cae5","j",-1,0
"65ade0994e6bcb71e6b8cae7","j",-1,0
"65ade09a4e6bcb71e6b8cae9","j",-1,0
"65ade09a4e6bcb71e6b8caeb","j",-1,0
"65ade0b24e6bcb71e6b8caef","j",4367,0
"65ade0b24e6bcb71e6b8caf1","j",4554,0
"65ade0b24e6bcb71e6b8caf3","j",4742,0
"65ade0b24e6bcb71e6b8caf5","j",4942,0
"65ade0b34e6bcb71e6b8caf7","j",5742,0
"65ade0b34e6bcb71e6b8caf9","j",5979,0
"65ade0b34e6bcb71e6b8cafb","j",6171,0
"65ade0b44e6bcb71e6b8cafd","j",6376,0
"65ade0b44e6bcb71e6b8caff","j",6554,0
"65ade0b44e6bcb71e6b8cb01","j",6851,0
"65ade131993e7c116cd747d4","23131",-1,0
"65ade131993e7c116cd747d6","23131",-1,0
"65ade132993e7c116cd747d8","23131",-1,0
"65ade132993e7c116cd747da","23131",-1,0
"65ade132993e7c116cd747dc","23131",-1,0
"65ade133993e7c116cd747de","23131",-1,0
"65ade1ccdca9bdacde1937d9","23131",-1,0
"65ade1cddca9bdacde1937db","23131",-1,0
"65ade1cddca9bdacde1937dd","23131",-1,0
"65ade1cddca9bdacde1937df","23131",-1,0
"65ade1cedca9bdacde1937e1","23131",-1,0
"65ade1cedca9bdacde1937e3","23131",-1,0
"65ade1cedca9bdacde1937e5","23131",-1,0
"65ade1cedca9bdacde1937e7","23131",-1,0
"65ade1cfdca9bdacde1937e9","23131",-1,0
"65ade1cfdca9bdacde1937eb","23131",-1,0
"65ade1cfdca9bdacde1937ed","23131",-1,0
"65ade1cfdca9bdacde1937ef","23131",-1,0
"65ade1d0dca9bdacde1937f1","23131",-1,0
"65ade1d0dca9bdacde1937f3","23131",-1,0
"65ade1d0dca9bdacde1937f5","23131",-1,0
"65ade1d1dca9bdacde1937f7","23131",-1,0
"65ade1d1dca9bdacde1937f9","23131",-1,0
"65ade1d1dca9bdacde1937fb","23131",-1,0
"65ade1d1dca9bdacde1937fd","23131",-1,0
"65ade1d9dca9bdacde193801","23131",24083.299999952316,0
"65ade1d9dca9bdacde193803","23131",24277.399999976158,0
"65ade1d9dca9bdacde193805","23131",24464.5,0
"65ade1d9dca9bdacde193807","23131",24656,0
"65ade1d9dca9bdacde193809","23131",24877.5,0
"65ade1dadca9bdacde19380b","23131",25075.399999976158,0
"65ade1dadca9bdacde19380d","23131",25291.299999952316,0
"65ade1dadca9bdacde19380f","23131",25468.699999928474,0
"65b151c04e6bcb71e6b8cb03","j",-1,0
"65b151c14e6bcb71e6b8cb05","j",-1,0
"65b151c14e6bcb71e6b8cb07","j",-1,0
"65b151c14e6bcb71e6b8cb09","j",-1,0
"65b151c14e6bcb71e6b8cb0b","j",-1,0
"65b151c14e6bcb71e6b8cb0d","j",-1,0
"65b151c14e6bcb71e6b8cb11","j",-1,0
"65b151c14e6bcb71e6b8cb0f","j",-1,0
"65b151c34e6bcb71e6b8cb13","j",9676,0
"65b151c34e6bcb71e6b8cb15","j",9858,0
"65b151c34e6bcb71e6b8cb17","j",10035,0
"65b151c44e6bcb71e6b8cb19","j",10278,0
"65b151c44e6bcb71e6b8cb1b","j",10576,0
"65b151c44e6bcb71e6b8cb1d","j",11066,0
"65b151c44e6bcb71e6b8cb1f","j",11233,0
"65b151c54e6bcb71e6b8cb21","j",11408,0
"65b151c54e6bcb71e6b8cb23","j",11609,0
"65b151c54e6bcb71e6b8cb25","j",11784,0
"65b151c54e6bcb71e6b8cb27","j",11957,0
"65b151c54e6bcb71e6b8cb29","j",12116,0
"65b151c64e6bcb71e6b8cb2b","j",12283,0
"65b151c64e6bcb71e6b8cb2d","j",12519,0
"65b151c64e6bcb71e6b8cb2f","j",12751,0
"65b151c64e6bcb71e6b8cb31","j",12959,0
"65b151c64e6bcb71e6b8cb33","j",13157,0
"65b151c74e6bcb71e6b8cb35","j",13341.000000000002,0
"65b151c74e6bcb71e6b8cb37","j",13555,0
"65b151c74e6bcb71e6b8cb39","j",153,0
"65b151c74e6bcb71e6b8cb3b","j",338.0000000000018,0
"65b151c74e6bcb71e6b8cb3d","j",531,0
"65b151c84e6bcb71e6b8cb3f","j",698,0
"65b151c84e6bcb71e6b8cb41","j",878,0
"65b151c84e6bcb71e6b8cb45","j",1261.0000000000018,0
"65b151c84e6bcb71e6b8cb43","j",1087,0
"65b151c84e6bcb71e6b8cb47","j",1460.0000000000018,0
"65b151c84e6bcb71e6b8cb49","j",1662,0
"65b151c94e6bcb71e6b8cb4b","j",1846,0
"65b151c94e6bcb71e6b8cb4d","j",2046,0
"65b151c94e6bcb71e6b8cb4f","j",2232.000000000002,0
"65b151c94e6bcb71e6b8cb51","j",2414.000000000002,0
"65b151c94e6bcb71e6b8cb53","j",2593,0
"65b151ca4e6bcb71e6b8cb55","j",2811,0
"65b151ca4e6bcb71e6b8cb57","j",2993,0
"65b151ca4e6bcb71e6b8cb59","j",3178,0
"65b151ca4e6bcb71e6b8cb5b","j",3369,0
"65b151ca4e6bcb71e6b8cb5d","j",3569,0
"65b151cb4e6bcb71e6b8cb5f","j",3752,0
"65b151cb4e6bcb71e6b8cb61","j",3945,0
"65b151cb4e6bcb71e6b8cb63","j",4146,0
"65b151cb4e6bcb71e6b8cb65","j",4337,0
"65b151cb4e6bcb71e6b8cb67","j",4523,0
"65b151cc4e6bcb71e6b8cb69","j",4739,0
"65b151cc4e6bcb71e6b8cb6b","j",4910,0
"65b151cc4e6bcb71e6b8cb6d","j",5106,0
"65b151cc4e6bcb71e6b8cb6f","j",5294,0
"65b151cc4e6bcb71e6b8cb71","j",5494,0
"65b151cd4e6bcb71e6b8cb73","j",5686,0
"65b151cd4e6bcb71e6b8cb75","j",5894.000000000004,0
"65b151cd4e6bcb71e6b8cb77","j",6078,0
"65b151cd4e6bcb71e6b8cb79","j",6272.000000000004,0
"65b151cd4e6bcb71e6b8cb7b","j",6421,0
"65b151cd4e6bcb71e6b8cb7d","j",6639,0
"65b151ce4e6bcb71e6b8cb7f","j",6793,0
"65b151ce4e6bcb71e6b8cb81","j",7013,0
"65b151ce4e6bcb71e6b8cb83","j",7198,0
"65b151ce4e6bcb71e6b8cb85","j",7395,0
"65b151ce4e6bcb71e6b8cb87","j",7579,0
"65b151cf4e6bcb71e6b8cb89","j",7755,0
"65b151cf4e6bcb71e6b8cb8b","j",7942,0
"65b151cf4e6bcb71e6b8cb8d","j",8138,0
"65b151cf4e6bcb71e6b8cb8f","j",8327,0
"65b151cf4e6bcb71e6b8cb91","j",8527,0
"65b151d04e6bcb71e6b8cb93","j",8759,0
"65b151d04e6bcb71e6b8cb95","j",8939,0
"65b151d04e6bcb71e6b8cb97","j",9111,0